pad distance,1st Grouptype,1st GroupIndex,1st Group Section,1st Pad Label,2nd Grouptype,2nd GroupIndex,2nd Group Section,2nd Pad Label
140.0,RowPad,11,C,B00+,RowPad,11,C,T00+
140.0,RowPad,11,C,B00+,RowPad,11,C,X00+
140.0,RowPad,11,C,B00-,RowPad,11,C,T00-
140.0,RowPad,11,C,B00-,RowPad,11,C,X00-
280.0,RowPad,11,C,T00+,RowPad,11,C,X00+
280.0,RowPad,11,C,T00-,RowPad,11,C,X00-
140.0,ColumnPad,0,C,R11+,ColumnPad,0,C,L11+
140.0,ColumnPad,0,C,R11-,ColumnPad,0,C,L11-
140.0,RowPad,0,A,B11+,RowPad,0,A,T11+
140.0,RowPad,0,A,B11-,RowPad,0,A,T11-
140.0,ColumnPad,11,A,R00+,ColumnPad,11,A,L00+
140.0,ColumnPad,11,A,R00-,ColumnPad,11,A,L00-
140.0,RowPad,11,C,B01+,RowPad,11,C,T01+
140.0,RowPad,11,C,B01-,RowPad,11,C,T01-
140.0,ColumnPad,1,C,R11+,ColumnPad,1,C,L11+
140.0,ColumnPad,1,C,R11-,ColumnPad,1,C,L11-
140.0,RowPad,1,A,B11+,RowPad,1,A,T11+
140.0,RowPad,1,A,B11-,RowPad,1,A,T11-
140.0,ColumnPad,11,A,R01+,ColumnPad,11,A,L01+
140.0,ColumnPad,11,A,R01-,ColumnPad,11,A,L01-
140.0,RowPad,11,C,B02+,RowPad,11,C,T02+
140.0,RowPad,11,C,B02-,RowPad,11,C,T02-
140.0,ColumnPad,2,C,R11+,ColumnPad,2,C,L11+
140.0,ColumnPad,2,C,R11-,ColumnPad,2,C,L11-
140.0,RowPad,10,C,B00+,RowPad,10,C,T00+
140.0,RowPad,10,C,B00+,RowPad,10,C,X00+
140.0,RowPad,10,C,B00-,RowPad,10,C,T00-
140.0,RowPad,10,C,B00-,RowPad,10,C,X00-
280.0,RowPad,10,C,T00+,RowPad,10,C,X00+
280.0,RowPad,10,C,T00-,RowPad,10,C,X00-
140.0,ColumnPad,0,C,R10+,ColumnPad,0,C,L10+
140.0,ColumnPad,0,C,R10-,ColumnPad,0,C,L10-
140.0,RowPad,0,A,B10+,RowPad,0,A,T10+
140.0,RowPad,0,A,B10-,RowPad,0,A,T10-
140.0,ColumnPad,10,A,R00+,ColumnPad,10,A,L00+
140.0,ColumnPad,10,A,R00-,ColumnPad,10,A,L00-
140.0,RowPad,2,A,B11+,RowPad,2,A,T11+
140.0,RowPad,2,A,B11-,RowPad,2,A,T11-
140.0,ColumnPad,11,A,R02+,ColumnPad,11,A,L02+
140.0,ColumnPad,11,A,R02-,ColumnPad,11,A,L02-
140.0,RowPad,11,C,B03+,RowPad,11,C,T03+
140.0,RowPad,11,C,B03-,RowPad,11,C,T03-
140.0,ColumnPad,3,C,R11+,ColumnPad,3,C,L11+
140.0,ColumnPad,3,C,R11-,ColumnPad,3,C,L11-
140.0,RowPad,10,C,B01+,RowPad,10,C,T01+
140.0,RowPad,10,C,B01-,RowPad,10,C,T01-
140.0,ColumnPad,1,C,R10+,ColumnPad,1,C,L10+
140.0,ColumnPad,1,C,R10-,ColumnPad,1,C,L10-
140.0,RowPad,1,A,B10+,RowPad,1,A,T10+
140.0,RowPad,1,A,B10-,RowPad,1,A,T10-
140.0,ColumnPad,10,A,R01+,ColumnPad,10,A,L01+
140.0,ColumnPad,10,A,R01-,ColumnPad,10,A,L01-
140.0,RowPad,3,A,B11+,RowPad,3,A,T11+
140.0,RowPad,3,A,B11-,RowPad,3,A,T11-
140.0,ColumnPad,11,A,R03+,ColumnPad,11,A,L03+
140.0,ColumnPad,11,A,R03-,ColumnPad,11,A,L03-
140.0,RowPad,11,C,B04+,RowPad,11,C,T04+
140.0,RowPad,11,C,B04-,RowPad,11,C,T04-
140.0,ColumnPad,4,C,R11+,ColumnPad,4,C,L11+
140.0,ColumnPad,4,C,R11-,ColumnPad,4,C,L11-
140.0,RowPad,10,C,B02+,RowPad,10,C,T02+
140.0,RowPad,10,C,B02-,RowPad,10,C,T02-
140.0,ColumnPad,2,C,R10+,ColumnPad,2,C,L10+
140.0,ColumnPad,2,C,R10-,ColumnPad,2,C,L10-
140.0,RowPad,9,C,B00+,RowPad,9,C,T00+
140.0,RowPad,9,C,B00+,RowPad,9,C,X00+
140.0,RowPad,9,C,B00-,RowPad,9,C,T00-
140.0,RowPad,9,C,B00-,RowPad,9,C,X00-
280.0,RowPad,9,C,T00+,RowPad,9,C,X00+
280.0,RowPad,9,C,T00-,RowPad,9,C,X00-
140.0,ColumnPad,0,C,R09+,ColumnPad,0,C,L09+
140.0,ColumnPad,0,C,R09-,ColumnPad,0,C,L09-
140.0,RowPad,0,A,B09+,RowPad,0,A,T09+
140.0,RowPad,0,A,B09-,RowPad,0,A,T09-
140.0,ColumnPad,9,A,R00+,ColumnPad,9,A,L00+
140.0,ColumnPad,9,A,R00-,ColumnPad,9,A,L00-
140.0,RowPad,2,A,B10+,RowPad,2,A,T10+
140.0,RowPad,2,A,B10-,RowPad,2,A,T10-
140.0,ColumnPad,10,A,R02+,ColumnPad,10,A,L02+
140.0,ColumnPad,10,A,R02-,ColumnPad,10,A,L02-
140.0,RowPad,4,A,B11+,RowPad,4,A,T11+
140.0,RowPad,4,A,B11-,RowPad,4,A,T11-
140.0,ColumnPad,11,A,R04+,ColumnPad,11,A,L04+
140.0,ColumnPad,11,A,R04-,ColumnPad,11,A,L04-
140.0,RowPad,11,C,B05+,RowPad,11,C,T05+
140.0,RowPad,11,C,B05-,RowPad,11,C,T05-
140.0,ColumnPad,5,C,R11+,ColumnPad,5,C,L11+
140.0,ColumnPad,5,C,R11-,ColumnPad,5,C,L11-
140.0,RowPad,10,C,B03+,RowPad,10,C,T03+
140.0,RowPad,10,C,B03-,RowPad,10,C,T03-
140.0,ColumnPad,3,C,R10+,ColumnPad,3,C,L10+
140.0,ColumnPad,3,C,R10-,ColumnPad,3,C,L10-
140.0,RowPad,9,C,B01+,RowPad,9,C,T01+
140.0,RowPad,9,C,B01-,RowPad,9,C,T01-
140.0,ColumnPad,1,C,R09+,ColumnPad,1,C,L09+
140.0,ColumnPad,1,C,R09-,ColumnPad,1,C,L09-
140.0,RowPad,1,A,B09+,RowPad,1,A,T09+
140.0,RowPad,1,A,B09-,RowPad,1,A,T09-
140.0,ColumnPad,9,A,R01+,ColumnPad,9,A,L01+
140.0,ColumnPad,9,A,R01-,ColumnPad,9,A,L01-
140.0,RowPad,3,A,B10+,RowPad,3,A,T10+
140.0,RowPad,3,A,B10-,RowPad,3,A,T10-
140.0,ColumnPad,10,A,R03+,ColumnPad,10,A,L03+
140.0,ColumnPad,10,A,R03-,ColumnPad,10,A,L03-
140.0,RowPad,5,A,B11+,RowPad,5,A,T11+
140.0,RowPad,5,A,B11-,RowPad,5,A,T11-
140.0,ColumnPad,11,A,R05+,ColumnPad,11,A,L05+
140.0,ColumnPad,11,A,R05-,ColumnPad,11,A,L05-
140.0,RowPad,11,C,B06+,RowPad,11,C,T06+
140.0,RowPad,11,C,B06-,RowPad,11,C,T06-
140.0,ColumnPad,6,C,R11+,ColumnPad,6,C,L11+
140.0,ColumnPad,6,C,R11-,ColumnPad,6,C,L11-
140.0,RowPad,10,C,B04+,RowPad,10,C,T04+
140.0,RowPad,10,C,B04-,RowPad,10,C,T04-
140.0,ColumnPad,4,C,R10+,ColumnPad,4,C,L10+
140.0,ColumnPad,4,C,R10-,ColumnPad,4,C,L10-
140.0,RowPad,9,C,B02+,RowPad,9,C,T02+
140.0,RowPad,9,C,B02-,RowPad,9,C,T02-
140.0,ColumnPad,2,C,R09+,ColumnPad,2,C,L09+
140.0,ColumnPad,2,C,R09-,ColumnPad,2,C,L09-
140.0,RowPad,8,C,B00+,RowPad,8,C,T00+
140.0,RowPad,8,C,B00+,RowPad,8,C,X00+
140.0,RowPad,8,C,B00-,RowPad,8,C,T00-
140.0,RowPad,8,C,B00-,RowPad,8,C,X00-
280.0,RowPad,8,C,T00+,RowPad,8,C,X00+
280.0,RowPad,8,C,T00-,RowPad,8,C,X00-
140.0,ColumnPad,0,C,R08+,ColumnPad,0,C,L08+
140.0,ColumnPad,0,C,R08-,ColumnPad,0,C,L08-
140.0,RowPad,0,A,B08+,RowPad,0,A,T08+
140.0,RowPad,0,A,B08-,RowPad,0,A,T08-
140.0,ColumnPad,8,A,R00+,ColumnPad,8,A,L00+
140.0,ColumnPad,8,A,R00-,ColumnPad,8,A,L00-
140.0,RowPad,2,A,B09+,RowPad,2,A,T09+
140.0,RowPad,2,A,B09-,RowPad,2,A,T09-
140.0,ColumnPad,9,A,R02+,ColumnPad,9,A,L02+
140.0,ColumnPad,9,A,R02-,ColumnPad,9,A,L02-
140.0,RowPad,4,A,B10+,RowPad,4,A,T10+
140.0,RowPad,4,A,B10-,RowPad,4,A,T10-
140.0,ColumnPad,10,A,R04+,ColumnPad,10,A,L04+
140.0,ColumnPad,10,A,R04-,ColumnPad,10,A,L04-
140.0,RowPad,6,A,B11+,RowPad,6,A,T11+
140.0,RowPad,6,A,B11-,RowPad,6,A,T11-
140.0,ColumnPad,11,A,R06+,ColumnPad,11,A,L06+
140.0,ColumnPad,11,A,R06-,ColumnPad,11,A,L06-
140.0,RowPad,11,C,B07+,RowPad,11,C,T07+
140.0,RowPad,11,C,B07-,RowPad,11,C,T07-
140.0,ColumnPad,7,C,R11+,ColumnPad,7,C,L11+
140.0,ColumnPad,7,C,R11-,ColumnPad,7,C,L11-
140.0,RowPad,10,C,B05+,RowPad,10,C,T05+
140.0,RowPad,10,C,B05-,RowPad,10,C,T05-
140.0,ColumnPad,5,C,R10+,ColumnPad,5,C,L10+
140.0,ColumnPad,5,C,R10-,ColumnPad,5,C,L10-
140.0,RowPad,9,C,B03+,RowPad,9,C,T03+
140.0,RowPad,9,C,B03-,RowPad,9,C,T03-
140.0,ColumnPad,3,C,R09+,ColumnPad,3,C,L09+
140.0,ColumnPad,3,C,R09-,ColumnPad,3,C,L09-
140.0,RowPad,8,C,B01+,RowPad,8,C,T01+
140.0,RowPad,8,C,B01-,RowPad,8,C,T01-
140.0,ColumnPad,1,C,R08+,ColumnPad,1,C,L08+
140.0,ColumnPad,1,C,R08-,ColumnPad,1,C,L08-
140.0,RowPad,1,A,B08+,RowPad,1,A,T08+
140.0,RowPad,1,A,B08-,RowPad,1,A,T08-
140.0,ColumnPad,8,A,R01+,ColumnPad,8,A,L01+
140.0,ColumnPad,8,A,R01-,ColumnPad,8,A,L01-
140.0,RowPad,3,A,B09+,RowPad,3,A,T09+
140.0,RowPad,3,A,B09-,RowPad,3,A,T09-
140.0,ColumnPad,9,A,R03+,ColumnPad,9,A,L03+
140.0,ColumnPad,9,A,R03-,ColumnPad,9,A,L03-
140.0,RowPad,5,A,B10+,RowPad,5,A,T10+
140.0,RowPad,5,A,B10-,RowPad,5,A,T10-
140.0,ColumnPad,10,A,R05+,ColumnPad,10,A,L05+
140.0,ColumnPad,10,A,R05-,ColumnPad,10,A,L05-
140.0,RowPad,7,A,B11+,RowPad,7,A,T11+
140.0,RowPad,7,A,B11-,RowPad,7,A,T11-
140.0,ColumnPad,11,A,R07+,ColumnPad,11,A,L07+
140.0,ColumnPad,11,A,R07-,ColumnPad,11,A,L07-
140.0,RowPad,11,C,B08+,RowPad,11,C,T08+
140.0,RowPad,11,C,B08-,RowPad,11,C,T08-
140.0,ColumnPad,8,C,R11+,ColumnPad,8,C,L11+
140.0,ColumnPad,8,C,R11-,ColumnPad,8,C,L11-
140.0,RowPad,10,C,B06+,RowPad,10,C,T06+
140.0,RowPad,10,C,B06-,RowPad,10,C,T06-
140.0,ColumnPad,6,C,R10+,ColumnPad,6,C,L10+
140.0,ColumnPad,6,C,R10-,ColumnPad,6,C,L10-
140.0,RowPad,9,C,B04+,RowPad,9,C,T04+
140.0,RowPad,9,C,B04-,RowPad,9,C,T04-
140.0,ColumnPad,4,C,R09+,ColumnPad,4,C,L09+
140.0,ColumnPad,4,C,R09-,ColumnPad,4,C,L09-
140.0,RowPad,8,C,B02+,RowPad,8,C,T02+
140.0,RowPad,8,C,B02-,RowPad,8,C,T02-
140.0,ColumnPad,2,C,R08+,ColumnPad,2,C,L08+
140.0,ColumnPad,2,C,R08-,ColumnPad,2,C,L08-
140.0,RowPad,7,C,B00+,RowPad,7,C,T00+
140.0,RowPad,7,C,B00+,RowPad,7,C,X00+
140.0,RowPad,7,C,B00-,RowPad,7,C,T00-
140.0,RowPad,7,C,B00-,RowPad,7,C,X00-
280.0,RowPad,7,C,T00+,RowPad,7,C,X00+
280.0,RowPad,7,C,T00-,RowPad,7,C,X00-
140.0,ColumnPad,0,C,R07+,ColumnPad,0,C,L07+
140.0,ColumnPad,0,C,R07-,ColumnPad,0,C,L07-
140.0,RowPad,0,A,B07+,RowPad,0,A,T07+
140.0,RowPad,0,A,B07-,RowPad,0,A,T07-
140.0,ColumnPad,7,A,R00+,ColumnPad,7,A,L00+
140.0,ColumnPad,7,A,R00-,ColumnPad,7,A,L00-
140.0,RowPad,2,A,B08+,RowPad,2,A,T08+
140.0,RowPad,2,A,B08-,RowPad,2,A,T08-
140.0,ColumnPad,8,A,R02+,ColumnPad,8,A,L02+
140.0,ColumnPad,8,A,R02-,ColumnPad,8,A,L02-
140.0,RowPad,4,A,B09+,RowPad,4,A,T09+
140.0,RowPad,4,A,B09-,RowPad,4,A,T09-
140.0,ColumnPad,9,A,R04+,ColumnPad,9,A,L04+
140.0,ColumnPad,9,A,R04-,ColumnPad,9,A,L04-
140.0,RowPad,6,A,B10+,RowPad,6,A,T10+
140.0,RowPad,6,A,B10-,RowPad,6,A,T10-
140.0,ColumnPad,10,A,R06+,ColumnPad,10,A,L06+
140.0,ColumnPad,10,A,R06-,ColumnPad,10,A,L06-
140.0,RowPad,8,A,B11+,RowPad,8,A,T11+
140.0,RowPad,8,A,B11-,RowPad,8,A,T11-
140.0,ColumnPad,11,A,R08+,ColumnPad,11,A,L08+
140.0,ColumnPad,11,A,R08-,ColumnPad,11,A,L08-
140.0,RowPad,11,C,B09+,RowPad,11,C,T09+
140.0,RowPad,11,C,B09-,RowPad,11,C,T09-
140.0,ColumnPad,9,C,R11+,ColumnPad,9,C,L11+
140.0,ColumnPad,9,C,R11-,ColumnPad,9,C,L11-
140.0,RowPad,10,C,B07+,RowPad,10,C,T07+
140.0,RowPad,10,C,B07-,RowPad,10,C,T07-
140.0,ColumnPad,7,C,R10+,ColumnPad,7,C,L10+
140.0,ColumnPad,7,C,R10-,ColumnPad,7,C,L10-
140.0,RowPad,9,C,B05+,RowPad,9,C,T05+
140.0,RowPad,9,C,B05-,RowPad,9,C,T05-
140.0,ColumnPad,5,C,R09+,ColumnPad,5,C,L09+
140.0,ColumnPad,5,C,R09-,ColumnPad,5,C,L09-
140.0,RowPad,8,C,B03+,RowPad,8,C,T03+
140.0,RowPad,8,C,B03-,RowPad,8,C,T03-
140.0,ColumnPad,3,C,R08+,ColumnPad,3,C,L08+
140.0,ColumnPad,3,C,R08-,ColumnPad,3,C,L08-
140.0,RowPad,7,C,B01+,RowPad,7,C,T01+
140.0,RowPad,7,C,B01-,RowPad,7,C,T01-
140.0,ColumnPad,1,C,R07+,ColumnPad,1,C,L07+
140.0,ColumnPad,1,C,R07-,ColumnPad,1,C,L07-
140.0,RowPad,1,A,B07+,RowPad,1,A,T07+
140.0,RowPad,1,A,B07-,RowPad,1,A,T07-
140.0,ColumnPad,7,A,R01+,ColumnPad,7,A,L01+
140.0,ColumnPad,7,A,R01-,ColumnPad,7,A,L01-
140.0,RowPad,3,A,B08+,RowPad,3,A,T08+
140.0,RowPad,3,A,B08-,RowPad,3,A,T08-
140.0,ColumnPad,8,A,R03+,ColumnPad,8,A,L03+
140.0,ColumnPad,8,A,R03-,ColumnPad,8,A,L03-
140.0,RowPad,5,A,B09+,RowPad,5,A,T09+
140.0,RowPad,5,A,B09-,RowPad,5,A,T09-
140.0,ColumnPad,9,A,R05+,ColumnPad,9,A,L05+
140.0,ColumnPad,9,A,R05-,ColumnPad,9,A,L05-
140.0,RowPad,7,A,B10+,RowPad,7,A,T10+
140.0,RowPad,7,A,B10-,RowPad,7,A,T10-
140.0,ColumnPad,10,A,R07+,ColumnPad,10,A,L07+
140.0,ColumnPad,10,A,R07-,ColumnPad,10,A,L07-
140.0,RowPad,9,A,B11+,RowPad,9,A,T11+
140.0,RowPad,9,A,B11-,RowPad,9,A,T11-
140.0,ColumnPad,11,A,R09+,ColumnPad,11,A,L09+
140.0,ColumnPad,11,A,R09-,ColumnPad,11,A,L09-
140.0,RowPad,11,C,B10+,RowPad,11,C,T10+
140.0,RowPad,11,C,B10-,RowPad,11,C,T10-
140.0,ColumnPad,10,C,R11+,ColumnPad,10,C,L11+
140.0,ColumnPad,10,C,R11-,ColumnPad,10,C,L11-
140.0,RowPad,10,C,B08+,RowPad,10,C,T08+
140.0,RowPad,10,C,B08-,RowPad,10,C,T08-
140.0,ColumnPad,8,C,R10+,ColumnPad,8,C,L10+
140.0,ColumnPad,8,C,R10-,ColumnPad,8,C,L10-
140.0,RowPad,9,C,B06+,RowPad,9,C,T06+
140.0,RowPad,9,C,B06-,RowPad,9,C,T06-
140.0,ColumnPad,6,C,R09+,ColumnPad,6,C,L09+
140.0,ColumnPad,6,C,R09-,ColumnPad,6,C,L09-
140.0,RowPad,8,C,B04+,RowPad,8,C,T04+
140.0,RowPad,8,C,B04-,RowPad,8,C,T04-
140.0,ColumnPad,4,C,R08+,ColumnPad,4,C,L08+
140.0,ColumnPad,4,C,R08-,ColumnPad,4,C,L08-
140.0,RowPad,7,C,B02+,RowPad,7,C,T02+
140.0,RowPad,7,C,B02-,RowPad,7,C,T02-
140.0,ColumnPad,2,C,R07+,ColumnPad,2,C,L07+
140.0,ColumnPad,2,C,R07-,ColumnPad,2,C,L07-
140.0,RowPad,6,C,B00+,RowPad,6,C,T00+
140.0,RowPad,6,C,B00+,RowPad,6,C,X00+
140.0,RowPad,6,C,B00-,RowPad,6,C,T00-
140.0,RowPad,6,C,B00-,RowPad,6,C,X00-
280.0,RowPad,6,C,T00+,RowPad,6,C,X00+
280.0,RowPad,6,C,T00-,RowPad,6,C,X00-
140.0,ColumnPad,0,C,R06+,ColumnPad,0,C,L06+
140.0,ColumnPad,0,C,R06-,ColumnPad,0,C,L06-
140.0,RowPad,0,A,B06+,RowPad,0,A,T06+
140.0,RowPad,0,A,B06-,RowPad,0,A,T06-
140.0,ColumnPad,6,A,R00+,ColumnPad,6,A,L00+
140.0,ColumnPad,6,A,R00-,ColumnPad,6,A,L00-
140.0,RowPad,2,A,B07+,RowPad,2,A,T07+
140.0,RowPad,2,A,B07-,RowPad,2,A,T07-
140.0,ColumnPad,7,A,R02+,ColumnPad,7,A,L02+
140.0,ColumnPad,7,A,R02-,ColumnPad,7,A,L02-
140.0,RowPad,4,A,B08+,RowPad,4,A,T08+
140.0,RowPad,4,A,B08-,RowPad,4,A,T08-
140.0,ColumnPad,8,A,R04+,ColumnPad,8,A,L04+
140.0,ColumnPad,8,A,R04-,ColumnPad,8,A,L04-
140.0,RowPad,6,A,B09+,RowPad,6,A,T09+
140.0,RowPad,6,A,B09-,RowPad,6,A,T09-
140.0,ColumnPad,9,A,R06+,ColumnPad,9,A,L06+
140.0,ColumnPad,9,A,R06-,ColumnPad,9,A,L06-
140.0,RowPad,8,A,B10+,RowPad,8,A,T10+
140.0,RowPad,8,A,B10-,RowPad,8,A,T10-
140.0,ColumnPad,10,A,R08+,ColumnPad,10,A,L08+
140.0,ColumnPad,10,A,R08-,ColumnPad,10,A,L08-
140.0,RowPad,10,A,B11+,RowPad,10,A,T11+
140.0,RowPad,10,A,B11-,RowPad,10,A,T11-
140.0,ColumnPad,11,A,R10+,ColumnPad,11,A,L10+
140.0,ColumnPad,11,A,R10-,ColumnPad,11,A,L10-
140.0,RowPad,11,C,B11+,RowPad,11,C,T11+
140.0,RowPad,11,C,B11-,RowPad,11,C,T11-
140.0,ColumnPad,11,C,R11+,ColumnPad,11,C,L11+
140.0,ColumnPad,11,C,R11-,ColumnPad,11,C,L11-
140.0,RowPad,10,C,B09+,RowPad,10,C,T09+
140.0,RowPad,10,C,B09-,RowPad,10,C,T09-
140.0,ColumnPad,9,C,R10+,ColumnPad,9,C,L10+
140.0,ColumnPad,9,C,R10-,ColumnPad,9,C,L10-
140.0,RowPad,9,C,B07+,RowPad,9,C,T07+
140.0,RowPad,9,C,B07-,RowPad,9,C,T07-
140.0,ColumnPad,7,C,R09+,ColumnPad,7,C,L09+
140.0,ColumnPad,7,C,R09-,ColumnPad,7,C,L09-
140.0,RowPad,8,C,B05+,RowPad,8,C,T05+
140.0,RowPad,8,C,B05-,RowPad,8,C,T05-
140.0,ColumnPad,5,C,R08+,ColumnPad,5,C,L08+
140.0,ColumnPad,5,C,R08-,ColumnPad,5,C,L08-
140.0,RowPad,7,C,B03+,RowPad,7,C,T03+
140.0,RowPad,7,C,B03-,RowPad,7,C,T03-
140.0,ColumnPad,3,C,R07+,ColumnPad,3,C,L07+
140.0,ColumnPad,3,C,R07-,ColumnPad,3,C,L07-
140.0,RowPad,6,C,B01+,RowPad,6,C,T01+
140.0,RowPad,6,C,B01-,RowPad,6,C,T01-
140.0,ColumnPad,1,C,R06+,ColumnPad,1,C,L06+
140.0,ColumnPad,1,C,R06-,ColumnPad,1,C,L06-
140.0,RowPad,1,A,B06+,RowPad,1,A,T06+
140.0,RowPad,1,A,B06-,RowPad,1,A,T06-
140.0,ColumnPad,6,A,R01+,ColumnPad,6,A,L01+
140.0,ColumnPad,6,A,R01-,ColumnPad,6,A,L01-
140.0,RowPad,3,A,B07+,RowPad,3,A,T07+
140.0,RowPad,3,A,B07-,RowPad,3,A,T07-
140.0,ColumnPad,7,A,R03+,ColumnPad,7,A,L03+
140.0,ColumnPad,7,A,R03-,ColumnPad,7,A,L03-
140.0,RowPad,5,A,B08+,RowPad,5,A,T08+
140.0,RowPad,5,A,B08-,RowPad,5,A,T08-
140.0,ColumnPad,8,A,R05+,ColumnPad,8,A,L05+
140.0,ColumnPad,8,A,R05-,ColumnPad,8,A,L05-
140.0,RowPad,7,A,B09+,RowPad,7,A,T09+
140.0,RowPad,7,A,B09-,RowPad,7,A,T09-
140.0,ColumnPad,9,A,R07+,ColumnPad,9,A,L07+
140.0,ColumnPad,9,A,R07-,ColumnPad,9,A,L07-
140.0,RowPad,9,A,B10+,RowPad,9,A,T10+
140.0,RowPad,9,A,B10-,RowPad,9,A,T10-
140.0,ColumnPad,10,A,R09+,ColumnPad,10,A,L09+
140.0,ColumnPad,10,A,R09-,ColumnPad,10,A,L09-
140.0,RowPad,11,A,B11+,RowPad,11,A,T11+
140.0,RowPad,11,A,B11-,RowPad,11,A,T11-
140.0,ColumnPad,11,A,R11+,ColumnPad,11,A,L11+
140.0,ColumnPad,11,A,R11-,ColumnPad,11,A,L11-
140.0,RowPad,10,C,B10+,RowPad,10,C,T10+
140.0,RowPad,10,C,B10-,RowPad,10,C,T10-
140.0,ColumnPad,10,C,R10+,ColumnPad,10,C,L10+
140.0,ColumnPad,10,C,R10-,ColumnPad,10,C,L10-
140.0,RowPad,9,C,B08+,RowPad,9,C,T08+
140.0,RowPad,9,C,B08-,RowPad,9,C,T08-
140.0,ColumnPad,8,C,R09+,ColumnPad,8,C,L09+
140.0,ColumnPad,8,C,R09-,ColumnPad,8,C,L09-
140.0,RowPad,8,C,B06+,RowPad,8,C,T06+
140.0,RowPad,8,C,B06-,RowPad,8,C,T06-
140.0,ColumnPad,6,C,R08+,ColumnPad,6,C,L08+
140.0,ColumnPad,6,C,R08-,ColumnPad,6,C,L08-
140.0,RowPad,7,C,B04+,RowPad,7,C,T04+
140.0,RowPad,7,C,B04-,RowPad,7,C,T04-
140.0,ColumnPad,4,C,R07+,ColumnPad,4,C,L07+
140.0,ColumnPad,4,C,R07-,ColumnPad,4,C,L07-
140.0,RowPad,6,C,B02+,RowPad,6,C,T02+
140.0,RowPad,6,C,B02-,RowPad,6,C,T02-
140.0,ColumnPad,2,C,R06+,ColumnPad,2,C,L06+
140.0,ColumnPad,2,C,R06-,ColumnPad,2,C,L06-
140.0,RowPad,5,C,B00+,RowPad,5,C,T00+
140.0,RowPad,5,C,B00+,RowPad,5,C,X00+
140.0,RowPad,5,C,B00-,RowPad,5,C,T00-
140.0,RowPad,5,C,B00-,RowPad,5,C,X00-
280.0,RowPad,5,C,T00+,RowPad,5,C,X00+
280.0,RowPad,5,C,T00-,RowPad,5,C,X00-
140.0,ColumnPad,0,C,R05+,ColumnPad,0,C,L05+
140.0,ColumnPad,0,C,R05-,ColumnPad,0,C,L05-
140.0,RowPad,0,A,B05+,RowPad,0,A,T05+
140.0,RowPad,0,A,B05-,RowPad,0,A,T05-
140.0,ColumnPad,5,A,R00+,ColumnPad,5,A,L00+
140.0,ColumnPad,5,A,R00-,ColumnPad,5,A,L00-
140.0,RowPad,2,A,B06+,RowPad,2,A,T06+
140.0,RowPad,2,A,B06-,RowPad,2,A,T06-
140.0,ColumnPad,6,A,R02+,ColumnPad,6,A,L02+
140.0,ColumnPad,6,A,R02-,ColumnPad,6,A,L02-
140.0,RowPad,4,A,B07+,RowPad,4,A,T07+
140.0,RowPad,4,A,B07-,RowPad,4,A,T07-
140.0,ColumnPad,7,A,R04+,ColumnPad,7,A,L04+
140.0,ColumnPad,7,A,R04-,ColumnPad,7,A,L04-
140.0,RowPad,6,A,B08+,RowPad,6,A,T08+
140.0,RowPad,6,A,B08-,RowPad,6,A,T08-
140.0,ColumnPad,8,A,R06+,ColumnPad,8,A,L06+
140.0,ColumnPad,8,A,R06-,ColumnPad,8,A,L06-
140.0,RowPad,8,A,B09+,RowPad,8,A,T09+
140.0,RowPad,8,A,B09-,RowPad,8,A,T09-
140.0,ColumnPad,9,A,R08+,ColumnPad,9,A,L08+
140.0,ColumnPad,9,A,R08-,ColumnPad,9,A,L08-
140.0,RowPad,10,A,B10+,RowPad,10,A,T10+
140.0,RowPad,10,A,B10-,RowPad,10,A,T10-
140.0,ColumnPad,10,A,R10+,ColumnPad,10,A,L10+
140.0,ColumnPad,10,A,R10-,ColumnPad,10,A,L10-
140.0,RowPad,10,C,B11+,RowPad,10,C,T11+
140.0,RowPad,10,C,B11-,RowPad,10,C,T11-
140.0,ColumnPad,11,C,R10+,ColumnPad,11,C,L10+
140.0,ColumnPad,11,C,R10-,ColumnPad,11,C,L10-
140.0,RowPad,9,C,B09+,RowPad,9,C,T09+
140.0,RowPad,9,C,B09-,RowPad,9,C,T09-
140.0,ColumnPad,9,C,R09+,ColumnPad,9,C,L09+
140.0,ColumnPad,9,C,R09-,ColumnPad,9,C,L09-
140.0,RowPad,8,C,B07+,RowPad,8,C,T07+
140.0,RowPad,8,C,B07-,RowPad,8,C,T07-
140.0,ColumnPad,7,C,R08+,ColumnPad,7,C,L08+
140.0,ColumnPad,7,C,R08-,ColumnPad,7,C,L08-
140.0,RowPad,7,C,B05+,RowPad,7,C,T05+
140.0,RowPad,7,C,B05-,RowPad,7,C,T05-
140.0,ColumnPad,5,C,R07+,ColumnPad,5,C,L07+
140.0,ColumnPad,5,C,R07-,ColumnPad,5,C,L07-
140.0,RowPad,6,C,B03+,RowPad,6,C,T03+
140.0,RowPad,6,C,B03-,RowPad,6,C,T03-
140.0,ColumnPad,3,C,R06+,ColumnPad,3,C,L06+
140.0,ColumnPad,3,C,R06-,ColumnPad,3,C,L06-
140.0,RowPad,5,C,B01+,RowPad,5,C,T01+
140.0,RowPad,5,C,B01-,RowPad,5,C,T01-
140.0,ColumnPad,1,C,R05+,ColumnPad,1,C,L05+
140.0,ColumnPad,1,C,R05-,ColumnPad,1,C,L05-
140.0,RowPad,1,A,B05+,RowPad,1,A,T05+
140.0,RowPad,1,A,B05-,RowPad,1,A,T05-
140.0,ColumnPad,5,A,R01+,ColumnPad,5,A,L01+
140.0,ColumnPad,5,A,R01-,ColumnPad,5,A,L01-
140.0,RowPad,3,A,B06+,RowPad,3,A,T06+
140.0,RowPad,3,A,B06-,RowPad,3,A,T06-
140.0,ColumnPad,6,A,R03+,ColumnPad,6,A,L03+
140.0,ColumnPad,6,A,R03-,ColumnPad,6,A,L03-
140.0,RowPad,5,A,B07+,RowPad,5,A,T07+
140.0,RowPad,5,A,B07-,RowPad,5,A,T07-
140.0,ColumnPad,7,A,R05+,ColumnPad,7,A,L05+
140.0,ColumnPad,7,A,R05-,ColumnPad,7,A,L05-
140.0,RowPad,7,A,B08+,RowPad,7,A,T08+
140.0,RowPad,7,A,B08-,RowPad,7,A,T08-
140.0,ColumnPad,8,A,R07+,ColumnPad,8,A,L07+
140.0,ColumnPad,8,A,R07-,ColumnPad,8,A,L07-
140.0,RowPad,9,A,B09+,RowPad,9,A,T09+
140.0,RowPad,9,A,B09-,RowPad,9,A,T09-
140.0,ColumnPad,9,A,R09+,ColumnPad,9,A,L09+
140.0,ColumnPad,9,A,R09-,ColumnPad,9,A,L09-
140.0,RowPad,11,A,B10+,RowPad,11,A,T10+
140.0,RowPad,11,A,B10-,RowPad,11,A,T10-
140.0,ColumnPad,10,A,R11+,ColumnPad,10,A,L11+
140.0,ColumnPad,10,A,R11-,ColumnPad,10,A,L11-
140.0,RowPad,9,C,B10+,RowPad,9,C,T10+
140.0,RowPad,9,C,B10-,RowPad,9,C,T10-
140.0,ColumnPad,10,C,R09+,ColumnPad,10,C,L09+
140.0,ColumnPad,10,C,R09-,ColumnPad,10,C,L09-
140.0,RowPad,8,C,B08+,RowPad,8,C,T08+
140.0,RowPad,8,C,B08-,RowPad,8,C,T08-
140.0,ColumnPad,8,C,R08+,ColumnPad,8,C,L08+
140.0,ColumnPad,8,C,R08-,ColumnPad,8,C,L08-
140.0,RowPad,7,C,B06+,RowPad,7,C,T06+
140.0,RowPad,7,C,B06-,RowPad,7,C,T06-
140.0,ColumnPad,6,C,R07+,ColumnPad,6,C,L07+
140.0,ColumnPad,6,C,R07-,ColumnPad,6,C,L07-
140.0,RowPad,6,C,B04+,RowPad,6,C,T04+
140.0,RowPad,6,C,B04-,RowPad,6,C,T04-
140.0,ColumnPad,4,C,R06+,ColumnPad,4,C,L06+
140.0,ColumnPad,4,C,R06-,ColumnPad,4,C,L06-
140.0,RowPad,5,C,B02+,RowPad,5,C,T02+
140.0,RowPad,5,C,B02-,RowPad,5,C,T02-
140.0,ColumnPad,2,C,R05+,ColumnPad,2,C,L05+
140.0,ColumnPad,2,C,R05-,ColumnPad,2,C,L05-
140.0,RowPad,4,C,B00+,RowPad,4,C,T00+
140.0,RowPad,4,C,B00+,RowPad,4,C,X00+
140.0,RowPad,4,C,B00-,RowPad,4,C,T00-
140.0,RowPad,4,C,B00-,RowPad,4,C,X00-
280.0,RowPad,4,C,T00+,RowPad,4,C,X00+
280.0,RowPad,4,C,T00-,RowPad,4,C,X00-
140.0,ColumnPad,0,C,R04+,ColumnPad,0,C,L04+
140.0,ColumnPad,0,C,R04-,ColumnPad,0,C,L04-
140.0,RowPad,0,A,B04+,RowPad,0,A,T04+
140.0,RowPad,0,A,B04-,RowPad,0,A,T04-
140.0,ColumnPad,4,A,R00+,ColumnPad,4,A,L00+
140.0,ColumnPad,4,A,R00-,ColumnPad,4,A,L00-
140.0,RowPad,2,A,B05+,RowPad,2,A,T05+
140.0,RowPad,2,A,B05-,RowPad,2,A,T05-
140.0,ColumnPad,5,A,R02+,ColumnPad,5,A,L02+
140.0,ColumnPad,5,A,R02-,ColumnPad,5,A,L02-
140.0,RowPad,4,A,B06+,RowPad,4,A,T06+
140.0,RowPad,4,A,B06-,RowPad,4,A,T06-
140.0,ColumnPad,6,A,R04+,ColumnPad,6,A,L04+
140.0,ColumnPad,6,A,R04-,ColumnPad,6,A,L04-
140.0,RowPad,6,A,B07+,RowPad,6,A,T07+
140.0,RowPad,6,A,B07-,RowPad,6,A,T07-
140.0,ColumnPad,7,A,R06+,ColumnPad,7,A,L06+
140.0,ColumnPad,7,A,R06-,ColumnPad,7,A,L06-
140.0,RowPad,8,A,B08+,RowPad,8,A,T08+
140.0,RowPad,8,A,B08-,RowPad,8,A,T08-
140.0,ColumnPad,8,A,R08+,ColumnPad,8,A,L08+
140.0,ColumnPad,8,A,R08-,ColumnPad,8,A,L08-
140.0,RowPad,10,A,B09+,RowPad,10,A,T09+
140.0,RowPad,10,A,B09-,RowPad,10,A,T09-
140.0,ColumnPad,9,A,R10+,ColumnPad,9,A,L10+
140.0,ColumnPad,9,A,R10-,ColumnPad,9,A,L10-
140.0,RowPad,9,C,B11+,RowPad,9,C,T11+
140.0,RowPad,9,C,B11-,RowPad,9,C,T11-
140.0,ColumnPad,11,C,R09+,ColumnPad,11,C,L09+
140.0,ColumnPad,11,C,R09-,ColumnPad,11,C,L09-
140.0,RowPad,8,C,B09+,RowPad,8,C,T09+
140.0,RowPad,8,C,B09-,RowPad,8,C,T09-
140.0,ColumnPad,9,C,R08+,ColumnPad,9,C,L08+
140.0,ColumnPad,9,C,R08-,ColumnPad,9,C,L08-
140.0,RowPad,7,C,B07+,RowPad,7,C,T07+
140.0,RowPad,7,C,B07-,RowPad,7,C,T07-
140.0,ColumnPad,7,C,R07+,ColumnPad,7,C,L07+
140.0,ColumnPad,7,C,R07-,ColumnPad,7,C,L07-
140.0,RowPad,6,C,B05+,RowPad,6,C,T05+
140.0,RowPad,6,C,B05-,RowPad,6,C,T05-
140.0,ColumnPad,5,C,R06+,ColumnPad,5,C,L06+
140.0,ColumnPad,5,C,R06-,ColumnPad,5,C,L06-
140.0,RowPad,5,C,B03+,RowPad,5,C,T03+
140.0,RowPad,5,C,B03-,RowPad,5,C,T03-
140.0,ColumnPad,3,C,R05+,ColumnPad,3,C,L05+
140.0,ColumnPad,3,C,R05-,ColumnPad,3,C,L05-
140.0,RowPad,4,C,B01+,RowPad,4,C,T01+
140.0,RowPad,4,C,B01-,RowPad,4,C,T01-
140.0,ColumnPad,1,C,R04+,ColumnPad,1,C,L04+
140.0,ColumnPad,1,C,R04-,ColumnPad,1,C,L04-
140.0,RowPad,1,A,B04+,RowPad,1,A,T04+
140.0,RowPad,1,A,B04-,RowPad,1,A,T04-
140.0,ColumnPad,4,A,R01+,ColumnPad,4,A,L01+
140.0,ColumnPad,4,A,R01-,ColumnPad,4,A,L01-
140.0,RowPad,3,A,B05+,RowPad,3,A,T05+
140.0,RowPad,3,A,B05-,RowPad,3,A,T05-
140.0,ColumnPad,5,A,R03+,ColumnPad,5,A,L03+
140.0,ColumnPad,5,A,R03-,ColumnPad,5,A,L03-
140.0,RowPad,5,A,B06+,RowPad,5,A,T06+
140.0,RowPad,5,A,B06-,RowPad,5,A,T06-
140.0,ColumnPad,6,A,R05+,ColumnPad,6,A,L05+
140.0,ColumnPad,6,A,R05-,ColumnPad,6,A,L05-
140.0,RowPad,7,A,B07+,RowPad,7,A,T07+
140.0,RowPad,7,A,B07-,RowPad,7,A,T07-
140.0,ColumnPad,7,A,R07+,ColumnPad,7,A,L07+
140.0,ColumnPad,7,A,R07-,ColumnPad,7,A,L07-
140.0,RowPad,9,A,B08+,RowPad,9,A,T08+
140.0,RowPad,9,A,B08-,RowPad,9,A,T08-
140.0,ColumnPad,8,A,R09+,ColumnPad,8,A,L09+
140.0,ColumnPad,8,A,R09-,ColumnPad,8,A,L09-
140.0,RowPad,11,A,B09+,RowPad,11,A,T09+
140.0,RowPad,11,A,B09-,RowPad,11,A,T09-
140.0,ColumnPad,9,A,R11+,ColumnPad,9,A,L11+
140.0,ColumnPad,9,A,R11-,ColumnPad,9,A,L11-
140.0,RowPad,8,C,B10+,RowPad,8,C,T10+
140.0,RowPad,8,C,B10-,RowPad,8,C,T10-
140.0,ColumnPad,10,C,R08+,ColumnPad,10,C,L08+
140.0,ColumnPad,10,C,R08-,ColumnPad,10,C,L08-
140.0,RowPad,7,C,B08+,RowPad,7,C,T08+
140.0,RowPad,7,C,B08-,RowPad,7,C,T08-
140.0,ColumnPad,8,C,R07+,ColumnPad,8,C,L07+
140.0,ColumnPad,8,C,R07-,ColumnPad,8,C,L07-
140.0,RowPad,6,C,B06+,RowPad,6,C,T06+
140.0,RowPad,6,C,B06-,RowPad,6,C,T06-
140.0,ColumnPad,6,C,R06+,ColumnPad,6,C,L06+
140.0,ColumnPad,6,C,R06-,ColumnPad,6,C,L06-
140.0,RowPad,5,C,B04+,RowPad,5,C,T04+
140.0,RowPad,5,C,B04-,RowPad,5,C,T04-
140.0,ColumnPad,4,C,R05+,ColumnPad,4,C,L05+
140.0,ColumnPad,4,C,R05-,ColumnPad,4,C,L05-
140.0,RowPad,4,C,B02+,RowPad,4,C,T02+
140.0,RowPad,4,C,B02-,RowPad,4,C,T02-
140.0,ColumnPad,2,C,R04+,ColumnPad,2,C,L04+
140.0,ColumnPad,2,C,R04-,ColumnPad,2,C,L04-
140.0,RowPad,3,C,B00+,RowPad,3,C,T00+
140.0,RowPad,3,C,B00+,RowPad,3,C,X00+
140.0,RowPad,3,C,B00-,RowPad,3,C,T00-
140.0,RowPad,3,C,B00-,RowPad,3,C,X00-
280.0,RowPad,3,C,T00+,RowPad,3,C,X00+
280.0,RowPad,3,C,T00-,RowPad,3,C,X00-
140.0,ColumnPad,0,C,R03+,ColumnPad,0,C,L03+
140.0,ColumnPad,0,C,R03-,ColumnPad,0,C,L03-
140.0,RowPad,0,A,B03+,RowPad,0,A,T03+
140.0,RowPad,0,A,B03-,RowPad,0,A,T03-
140.0,ColumnPad,3,A,R00+,ColumnPad,3,A,L00+
140.0,ColumnPad,3,A,R00-,ColumnPad,3,A,L00-
140.0,RowPad,2,A,B04+,RowPad,2,A,T04+
140.0,RowPad,2,A,B04-,RowPad,2,A,T04-
140.0,ColumnPad,4,A,R02+,ColumnPad,4,A,L02+
140.0,ColumnPad,4,A,R02-,ColumnPad,4,A,L02-
140.0,RowPad,4,A,B05+,RowPad,4,A,T05+
140.0,RowPad,4,A,B05-,RowPad,4,A,T05-
140.0,ColumnPad,5,A,R04+,ColumnPad,5,A,L04+
140.0,ColumnPad,5,A,R04-,ColumnPad,5,A,L04-
140.0,RowPad,6,A,B06+,RowPad,6,A,T06+
140.0,RowPad,6,A,B06-,RowPad,6,A,T06-
140.0,ColumnPad,6,A,R06+,ColumnPad,6,A,L06+
140.0,ColumnPad,6,A,R06-,ColumnPad,6,A,L06-
140.0,RowPad,8,A,B07+,RowPad,8,A,T07+
140.0,RowPad,8,A,B07-,RowPad,8,A,T07-
140.0,ColumnPad,7,A,R08+,ColumnPad,7,A,L08+
140.0,ColumnPad,7,A,R08-,ColumnPad,7,A,L08-
140.0,RowPad,10,A,B08+,RowPad,10,A,T08+
140.0,RowPad,10,A,B08-,RowPad,10,A,T08-
140.0,ColumnPad,8,A,R10+,ColumnPad,8,A,L10+
140.0,ColumnPad,8,A,R10-,ColumnPad,8,A,L10-
140.0,RowPad,8,C,B11+,RowPad,8,C,T11+
140.0,RowPad,8,C,B11-,RowPad,8,C,T11-
140.0,ColumnPad,11,C,R08+,ColumnPad,11,C,L08+
140.0,ColumnPad,11,C,R08-,ColumnPad,11,C,L08-
140.0,RowPad,7,C,B09+,RowPad,7,C,T09+
140.0,RowPad,7,C,B09-,RowPad,7,C,T09-
140.0,ColumnPad,9,C,R07+,ColumnPad,9,C,L07+
140.0,ColumnPad,9,C,R07-,ColumnPad,9,C,L07-
140.0,RowPad,6,C,B07+,RowPad,6,C,T07+
140.0,RowPad,6,C,B07-,RowPad,6,C,T07-
140.0,ColumnPad,7,C,R06+,ColumnPad,7,C,L06+
140.0,ColumnPad,7,C,R06-,ColumnPad,7,C,L06-
140.0,RowPad,5,C,B05+,RowPad,5,C,T05+
140.0,RowPad,5,C,B05-,RowPad,5,C,T05-
140.0,ColumnPad,5,C,R05+,ColumnPad,5,C,L05+
140.0,ColumnPad,5,C,R05-,ColumnPad,5,C,L05-
140.0,RowPad,4,C,B03+,RowPad,4,C,T03+
140.0,RowPad,4,C,B03-,RowPad,4,C,T03-
140.0,ColumnPad,3,C,R04+,ColumnPad,3,C,L04+
140.0,ColumnPad,3,C,R04-,ColumnPad,3,C,L04-
140.0,RowPad,3,C,B01+,RowPad,3,C,T01+
140.0,RowPad,3,C,B01-,RowPad,3,C,T01-
140.0,ColumnPad,1,C,R03+,ColumnPad,1,C,L03+
140.0,ColumnPad,1,C,R03-,ColumnPad,1,C,L03-
140.0,RowPad,1,A,B03+,RowPad,1,A,T03+
140.0,RowPad,1,A,B03-,RowPad,1,A,T03-
140.0,ColumnPad,3,A,R01+,ColumnPad,3,A,L01+
140.0,ColumnPad,3,A,R01-,ColumnPad,3,A,L01-
140.0,RowPad,3,A,B04+,RowPad,3,A,T04+
140.0,RowPad,3,A,B04-,RowPad,3,A,T04-
140.0,ColumnPad,4,A,R03+,ColumnPad,4,A,L03+
140.0,ColumnPad,4,A,R03-,ColumnPad,4,A,L03-
140.0,RowPad,5,A,B05+,RowPad,5,A,T05+
140.0,RowPad,5,A,B05-,RowPad,5,A,T05-
140.0,ColumnPad,5,A,R05+,ColumnPad,5,A,L05+
140.0,ColumnPad,5,A,R05-,ColumnPad,5,A,L05-
140.0,RowPad,7,A,B06+,RowPad,7,A,T06+
140.0,RowPad,7,A,B06-,RowPad,7,A,T06-
140.0,ColumnPad,6,A,R07+,ColumnPad,6,A,L07+
140.0,ColumnPad,6,A,R07-,ColumnPad,6,A,L07-
140.0,RowPad,9,A,B07+,RowPad,9,A,T07+
140.0,RowPad,9,A,B07-,RowPad,9,A,T07-
140.0,ColumnPad,7,A,R09+,ColumnPad,7,A,L09+
140.0,ColumnPad,7,A,R09-,ColumnPad,7,A,L09-
140.0,RowPad,11,A,B08+,RowPad,11,A,T08+
140.0,RowPad,11,A,B08-,RowPad,11,A,T08-
140.0,ColumnPad,8,A,R11+,ColumnPad,8,A,L11+
140.0,ColumnPad,8,A,R11-,ColumnPad,8,A,L11-
140.0,RowPad,7,C,B10+,RowPad,7,C,T10+
140.0,RowPad,7,C,B10-,RowPad,7,C,T10-
140.0,ColumnPad,10,C,R07+,ColumnPad,10,C,L07+
140.0,ColumnPad,10,C,R07-,ColumnPad,10,C,L07-
140.0,RowPad,6,C,B08+,RowPad,6,C,T08+
140.0,RowPad,6,C,B08-,RowPad,6,C,T08-
140.0,ColumnPad,8,C,R06+,ColumnPad,8,C,L06+
140.0,ColumnPad,8,C,R06-,ColumnPad,8,C,L06-
140.0,RowPad,5,C,B06+,RowPad,5,C,T06+
140.0,RowPad,5,C,B06-,RowPad,5,C,T06-
140.0,ColumnPad,6,C,R05+,ColumnPad,6,C,L05+
140.0,ColumnPad,6,C,R05-,ColumnPad,6,C,L05-
140.0,RowPad,4,C,B04+,RowPad,4,C,T04+
140.0,RowPad,4,C,B04-,RowPad,4,C,T04-
140.0,ColumnPad,4,C,R04+,ColumnPad,4,C,L04+
140.0,ColumnPad,4,C,R04-,ColumnPad,4,C,L04-
140.0,RowPad,3,C,B02+,RowPad,3,C,T02+
140.0,RowPad,3,C,B02-,RowPad,3,C,T02-
140.0,ColumnPad,2,C,R03+,ColumnPad,2,C,L03+
140.0,ColumnPad,2,C,R03-,ColumnPad,2,C,L03-
140.0,RowPad,2,C,B00+,RowPad,2,C,T00+
140.0,RowPad,2,C,B00+,RowPad,2,C,X00+
140.0,RowPad,2,C,B00-,RowPad,2,C,T00-
140.0,RowPad,2,C,B00-,RowPad,2,C,X00-
280.0,RowPad,2,C,T00+,RowPad,2,C,X00+
280.0,RowPad,2,C,T00-,RowPad,2,C,X00-
140.0,ColumnPad,0,C,R02+,ColumnPad,0,C,L02+
140.0,ColumnPad,0,C,R02-,ColumnPad,0,C,L02-
140.0,RowPad,0,A,B02+,RowPad,0,A,T02+
140.0,RowPad,0,A,B02-,RowPad,0,A,T02-
140.0,ColumnPad,2,A,R00+,ColumnPad,2,A,L00+
140.0,ColumnPad,2,A,R00-,ColumnPad,2,A,L00-
140.0,RowPad,2,A,B03+,RowPad,2,A,T03+
140.0,RowPad,2,A,B03-,RowPad,2,A,T03-
140.0,ColumnPad,3,A,R02+,ColumnPad,3,A,L02+
140.0,ColumnPad,3,A,R02-,ColumnPad,3,A,L02-
140.0,RowPad,4,A,B04+,RowPad,4,A,T04+
140.0,RowPad,4,A,B04-,RowPad,4,A,T04-
140.0,ColumnPad,4,A,R04+,ColumnPad,4,A,L04+
140.0,ColumnPad,4,A,R04-,ColumnPad,4,A,L04-
140.0,RowPad,6,A,B05+,RowPad,6,A,T05+
140.0,RowPad,6,A,B05-,RowPad,6,A,T05-
140.0,ColumnPad,5,A,R06+,ColumnPad,5,A,L06+
140.0,ColumnPad,5,A,R06-,ColumnPad,5,A,L06-
140.0,RowPad,8,A,B06+,RowPad,8,A,T06+
140.0,RowPad,8,A,B06-,RowPad,8,A,T06-
140.0,ColumnPad,6,A,R08+,ColumnPad,6,A,L08+
140.0,ColumnPad,6,A,R08-,ColumnPad,6,A,L08-
140.0,RowPad,10,A,B07+,RowPad,10,A,T07+
140.0,RowPad,10,A,B07-,RowPad,10,A,T07-
140.0,ColumnPad,7,A,R10+,ColumnPad,7,A,L10+
140.0,ColumnPad,7,A,R10-,ColumnPad,7,A,L10-
140.0,RowPad,7,C,B11+,RowPad,7,C,T11+
140.0,RowPad,7,C,B11-,RowPad,7,C,T11-
140.0,ColumnPad,11,C,R07+,ColumnPad,11,C,L07+
140.0,ColumnPad,11,C,R07-,ColumnPad,11,C,L07-
140.0,RowPad,6,C,B09+,RowPad,6,C,T09+
140.0,RowPad,6,C,B09-,RowPad,6,C,T09-
140.0,ColumnPad,9,C,R06+,ColumnPad,9,C,L06+
140.0,ColumnPad,9,C,R06-,ColumnPad,9,C,L06-
140.0,RowPad,5,C,B07+,RowPad,5,C,T07+
140.0,RowPad,5,C,B07-,RowPad,5,C,T07-
140.0,ColumnPad,7,C,R05+,ColumnPad,7,C,L05+
140.0,ColumnPad,7,C,R05-,ColumnPad,7,C,L05-
140.0,RowPad,4,C,B05+,RowPad,4,C,T05+
140.0,RowPad,4,C,B05-,RowPad,4,C,T05-
140.0,ColumnPad,5,C,R04+,ColumnPad,5,C,L04+
140.0,ColumnPad,5,C,R04-,ColumnPad,5,C,L04-
140.0,RowPad,3,C,B03+,RowPad,3,C,T03+
140.0,RowPad,3,C,B03-,RowPad,3,C,T03-
140.0,ColumnPad,3,C,R03+,ColumnPad,3,C,L03+
140.0,ColumnPad,3,C,R03-,ColumnPad,3,C,L03-
140.0,RowPad,2,C,B01+,RowPad,2,C,T01+
140.0,RowPad,2,C,B01-,RowPad,2,C,T01-
140.0,ColumnPad,1,C,R02+,ColumnPad,1,C,L02+
140.0,ColumnPad,1,C,R02-,ColumnPad,1,C,L02-
140.0,RowPad,1,A,B02+,RowPad,1,A,T02+
140.0,RowPad,1,A,B02-,RowPad,1,A,T02-
140.0,ColumnPad,2,A,R01+,ColumnPad,2,A,L01+
140.0,ColumnPad,2,A,R01-,ColumnPad,2,A,L01-
140.0,RowPad,3,A,B03+,RowPad,3,A,T03+
140.0,RowPad,3,A,B03-,RowPad,3,A,T03-
140.0,ColumnPad,3,A,R03+,ColumnPad,3,A,L03+
140.0,ColumnPad,3,A,R03-,ColumnPad,3,A,L03-
140.0,RowPad,5,A,B04+,RowPad,5,A,T04+
140.0,RowPad,5,A,B04-,RowPad,5,A,T04-
140.0,ColumnPad,4,A,R05+,ColumnPad,4,A,L05+
140.0,ColumnPad,4,A,R05-,ColumnPad,4,A,L05-
140.0,RowPad,7,A,B05+,RowPad,7,A,T05+
140.0,RowPad,7,A,B05-,RowPad,7,A,T05-
140.0,ColumnPad,5,A,R07+,ColumnPad,5,A,L07+
140.0,ColumnPad,5,A,R07-,ColumnPad,5,A,L07-
140.0,RowPad,9,A,B06+,RowPad,9,A,T06+
140.0,RowPad,9,A,B06-,RowPad,9,A,T06-
140.0,ColumnPad,6,A,R09+,ColumnPad,6,A,L09+
140.0,ColumnPad,6,A,R09-,ColumnPad,6,A,L09-
140.0,RowPad,11,A,B07+,RowPad,11,A,T07+
140.0,RowPad,11,A,B07-,RowPad,11,A,T07-
140.0,ColumnPad,7,A,R11+,ColumnPad,7,A,L11+
140.0,ColumnPad,7,A,R11-,ColumnPad,7,A,L11-
140.0,RowPad,6,C,B10+,RowPad,6,C,T10+
140.0,RowPad,6,C,B10-,RowPad,6,C,T10-
140.0,ColumnPad,10,C,R06+,ColumnPad,10,C,L06+
140.0,ColumnPad,10,C,R06-,ColumnPad,10,C,L06-
140.0,RowPad,5,C,B08+,RowPad,5,C,T08+
140.0,RowPad,5,C,B08-,RowPad,5,C,T08-
140.0,ColumnPad,8,C,R05+,ColumnPad,8,C,L05+
140.0,ColumnPad,8,C,R05-,ColumnPad,8,C,L05-
140.0,RowPad,4,C,B06+,RowPad,4,C,T06+
140.0,RowPad,4,C,B06-,RowPad,4,C,T06-
140.0,ColumnPad,6,C,R04+,ColumnPad,6,C,L04+
140.0,ColumnPad,6,C,R04-,ColumnPad,6,C,L04-
140.0,RowPad,3,C,B04+,RowPad,3,C,T04+
140.0,RowPad,3,C,B04-,RowPad,3,C,T04-
140.0,ColumnPad,4,C,R03+,ColumnPad,4,C,L03+
140.0,ColumnPad,4,C,R03-,ColumnPad,4,C,L03-
140.0,RowPad,2,C,B02+,RowPad,2,C,T02+
140.0,RowPad,2,C,B02-,RowPad,2,C,T02-
140.0,ColumnPad,2,C,R02+,ColumnPad,2,C,L02+
140.0,ColumnPad,2,C,R02-,ColumnPad,2,C,L02-
140.0,RowPad,1,C,B00+,RowPad,1,C,T00+
140.0,RowPad,1,C,B00+,RowPad,1,C,X00+
140.0,RowPad,1,C,B00-,RowPad,1,C,T00-
140.0,RowPad,1,C,B00-,RowPad,1,C,X00-
280.0,RowPad,1,C,T00+,RowPad,1,C,X00+
280.0,RowPad,1,C,T00-,RowPad,1,C,X00-
140.0,ColumnPad,0,C,R01+,ColumnPad,0,C,L01+
140.0,ColumnPad,0,C,R01-,ColumnPad,0,C,L01-
140.0,RowPad,0,A,B01+,RowPad,0,A,T01+
140.0,RowPad,0,A,B01-,RowPad,0,A,T01-
140.0,ColumnPad,1,A,R00+,ColumnPad,1,A,L00+
140.0,ColumnPad,1,A,R00-,ColumnPad,1,A,L00-
140.0,RowPad,2,A,B02+,RowPad,2,A,T02+
140.0,RowPad,2,A,B02-,RowPad,2,A,T02-
140.0,ColumnPad,2,A,R02+,ColumnPad,2,A,L02+
140.0,ColumnPad,2,A,R02-,ColumnPad,2,A,L02-
140.0,RowPad,4,A,B03+,RowPad,4,A,T03+
140.0,RowPad,4,A,B03-,RowPad,4,A,T03-
140.0,ColumnPad,3,A,R04+,ColumnPad,3,A,L04+
140.0,ColumnPad,3,A,R04-,ColumnPad,3,A,L04-
140.0,RowPad,6,A,B04+,RowPad,6,A,T04+
140.0,RowPad,6,A,B04-,RowPad,6,A,T04-
140.0,ColumnPad,4,A,R06+,ColumnPad,4,A,L06+
140.0,ColumnPad,4,A,R06-,ColumnPad,4,A,L06-
140.0,RowPad,8,A,B05+,RowPad,8,A,T05+
140.0,RowPad,8,A,B05-,RowPad,8,A,T05-
140.0,ColumnPad,5,A,R08+,ColumnPad,5,A,L08+
140.0,ColumnPad,5,A,R08-,ColumnPad,5,A,L08-
140.0,RowPad,10,A,B06+,RowPad,10,A,T06+
140.0,RowPad,10,A,B06-,RowPad,10,A,T06-
140.0,ColumnPad,6,A,R10+,ColumnPad,6,A,L10+
140.0,ColumnPad,6,A,R10-,ColumnPad,6,A,L10-
140.0,RowPad,6,C,B11+,RowPad,6,C,T11+
140.0,RowPad,6,C,B11-,RowPad,6,C,T11-
140.0,ColumnPad,11,C,R06+,ColumnPad,11,C,L06+
140.0,ColumnPad,11,C,R06-,ColumnPad,11,C,L06-
140.0,RowPad,5,C,B09+,RowPad,5,C,T09+
140.0,RowPad,5,C,B09-,RowPad,5,C,T09-
140.0,ColumnPad,9,C,R05+,ColumnPad,9,C,L05+
140.0,ColumnPad,9,C,R05-,ColumnPad,9,C,L05-
140.0,RowPad,4,C,B07+,RowPad,4,C,T07+
140.0,RowPad,4,C,B07-,RowPad,4,C,T07-
140.0,ColumnPad,7,C,R04+,ColumnPad,7,C,L04+
140.0,ColumnPad,7,C,R04-,ColumnPad,7,C,L04-
140.0,RowPad,3,C,B05+,RowPad,3,C,T05+
140.0,RowPad,3,C,B05-,RowPad,3,C,T05-
140.0,ColumnPad,5,C,R03+,ColumnPad,5,C,L03+
140.0,ColumnPad,5,C,R03-,ColumnPad,5,C,L03-
140.0,RowPad,2,C,B03+,RowPad,2,C,T03+
140.0,RowPad,2,C,B03-,RowPad,2,C,T03-
140.0,ColumnPad,3,C,R02+,ColumnPad,3,C,L02+
140.0,ColumnPad,3,C,R02-,ColumnPad,3,C,L02-
140.0,RowPad,1,C,B01+,RowPad,1,C,T01+
140.0,RowPad,1,C,B01-,RowPad,1,C,T01-
140.0,ColumnPad,1,C,R01+,ColumnPad,1,C,L01+
140.0,ColumnPad,1,C,R01-,ColumnPad,1,C,L01-
140.0,RowPad,1,A,B01+,RowPad,1,A,T01+
140.0,RowPad,1,A,B01-,RowPad,1,A,T01-
140.0,ColumnPad,1,A,R01+,ColumnPad,1,A,L01+
140.0,ColumnPad,1,A,R01-,ColumnPad,1,A,L01-
140.0,RowPad,3,A,B02+,RowPad,3,A,T02+
140.0,RowPad,3,A,B02-,RowPad,3,A,T02-
140.0,ColumnPad,2,A,R03+,ColumnPad,2,A,L03+
140.0,ColumnPad,2,A,R03-,ColumnPad,2,A,L03-
140.0,RowPad,5,A,B03+,RowPad,5,A,T03+
140.0,RowPad,5,A,B03-,RowPad,5,A,T03-
140.0,ColumnPad,3,A,R05+,ColumnPad,3,A,L05+
140.0,ColumnPad,3,A,R05-,ColumnPad,3,A,L05-
140.0,RowPad,7,A,B04+,RowPad,7,A,T04+
140.0,RowPad,7,A,B04-,RowPad,7,A,T04-
140.0,ColumnPad,4,A,R07+,ColumnPad,4,A,L07+
140.0,ColumnPad,4,A,R07-,ColumnPad,4,A,L07-
140.0,RowPad,9,A,B05+,RowPad,9,A,T05+
140.0,RowPad,9,A,B05-,RowPad,9,A,T05-
140.0,ColumnPad,5,A,R09+,ColumnPad,5,A,L09+
140.0,ColumnPad,5,A,R09-,ColumnPad,5,A,L09-
140.0,RowPad,11,A,B06+,RowPad,11,A,T06+
140.0,RowPad,11,A,B06-,RowPad,11,A,T06-
140.0,ColumnPad,6,A,R11+,ColumnPad,6,A,L11+
140.0,ColumnPad,6,A,R11-,ColumnPad,6,A,L11-
140.0,RowPad,5,C,B10+,RowPad,5,C,T10+
140.0,RowPad,5,C,B10-,RowPad,5,C,T10-
140.0,ColumnPad,10,C,R05+,ColumnPad,10,C,L05+
140.0,ColumnPad,10,C,R05-,ColumnPad,10,C,L05-
140.0,RowPad,4,C,B08+,RowPad,4,C,T08+
140.0,RowPad,4,C,B08-,RowPad,4,C,T08-
140.0,ColumnPad,8,C,R04+,ColumnPad,8,C,L04+
140.0,ColumnPad,8,C,R04-,ColumnPad,8,C,L04-
140.0,RowPad,3,C,B06+,RowPad,3,C,T06+
140.0,RowPad,3,C,B06-,RowPad,3,C,T06-
140.0,ColumnPad,6,C,R03+,ColumnPad,6,C,L03+
140.0,ColumnPad,6,C,R03-,ColumnPad,6,C,L03-
140.0,RowPad,2,C,B04+,RowPad,2,C,T04+
140.0,RowPad,2,C,B04-,RowPad,2,C,T04-
140.0,ColumnPad,4,C,R02+,ColumnPad,4,C,L02+
140.0,ColumnPad,4,C,R02-,ColumnPad,4,C,L02-
140.0,RowPad,1,C,B02+,RowPad,1,C,T02+
140.0,RowPad,1,C,B02-,RowPad,1,C,T02-
140.0,ColumnPad,2,C,R01+,ColumnPad,2,C,L01+
140.0,ColumnPad,2,C,R01-,ColumnPad,2,C,L01-
140.0,RowPad,0,C,B00+,RowPad,0,C,T00+
140.0,RowPad,0,C,B00+,RowPad,0,C,X00+
140.0,RowPad,0,C,B00-,RowPad,0,C,T00-
140.0,RowPad,0,C,B00-,RowPad,0,C,X00-
280.0,RowPad,0,C,T00+,RowPad,0,C,X00+
280.0,RowPad,0,C,T00-,RowPad,0,C,X00-
140.0,ColumnPad,0,C,R00+,ColumnPad,0,C,L00+
140.0,ColumnPad,0,C,R00-,ColumnPad,0,C,L00-
140.0,RowPad,0,A,B00+,RowPad,0,A,T00+
140.0,RowPad,0,A,B00+,RowPad,0,A,X00+
140.0,RowPad,0,A,B00-,RowPad,0,A,T00-
140.0,RowPad,0,A,B00-,RowPad,0,A,X00-
280.0,RowPad,0,A,T00+,RowPad,0,A,X00+
280.0,RowPad,0,A,T00-,RowPad,0,A,X00-
140.0,ColumnPad,0,A,R00+,ColumnPad,0,A,L00+
140.0,ColumnPad,0,A,R00-,ColumnPad,0,A,L00-
140.0,RowPad,2,A,B01+,RowPad,2,A,T01+
140.0,RowPad,2,A,B01-,RowPad,2,A,T01-
140.0,ColumnPad,1,A,R02+,ColumnPad,1,A,L02+
140.0,ColumnPad,1,A,R02-,ColumnPad,1,A,L02-
140.0,RowPad,4,A,B02+,RowPad,4,A,T02+
140.0,RowPad,4,A,B02-,RowPad,4,A,T02-
140.0,ColumnPad,2,A,R04+,ColumnPad,2,A,L04+
140.0,ColumnPad,2,A,R04-,ColumnPad,2,A,L04-
140.0,RowPad,6,A,B03+,RowPad,6,A,T03+
140.0,RowPad,6,A,B03-,RowPad,6,A,T03-
140.0,ColumnPad,3,A,R06+,ColumnPad,3,A,L06+
140.0,ColumnPad,3,A,R06-,ColumnPad,3,A,L06-
140.0,RowPad,8,A,B04+,RowPad,8,A,T04+
140.0,RowPad,8,A,B04-,RowPad,8,A,T04-
140.0,ColumnPad,4,A,R08+,ColumnPad,4,A,L08+
140.0,ColumnPad,4,A,R08-,ColumnPad,4,A,L08-
140.0,RowPad,10,A,B05+,RowPad,10,A,T05+
140.0,RowPad,10,A,B05-,RowPad,10,A,T05-
140.0,ColumnPad,5,A,R10+,ColumnPad,5,A,L10+
140.0,ColumnPad,5,A,R10-,ColumnPad,5,A,L10-
140.0,RowPad,5,C,B11+,RowPad,5,C,T11+
140.0,RowPad,5,C,B11-,RowPad,5,C,T11-
140.0,ColumnPad,11,C,R05+,ColumnPad,11,C,L05+
140.0,ColumnPad,11,C,R05-,ColumnPad,11,C,L05-
140.0,RowPad,4,C,B09+,RowPad,4,C,T09+
140.0,RowPad,4,C,B09-,RowPad,4,C,T09-
140.0,ColumnPad,9,C,R04+,ColumnPad,9,C,L04+
140.0,ColumnPad,9,C,R04-,ColumnPad,9,C,L04-
140.0,RowPad,3,C,B07+,RowPad,3,C,T07+
140.0,RowPad,3,C,B07-,RowPad,3,C,T07-
140.0,ColumnPad,7,C,R03+,ColumnPad,7,C,L03+
140.0,ColumnPad,7,C,R03-,ColumnPad,7,C,L03-
140.0,RowPad,2,C,B05+,RowPad,2,C,T05+
140.0,RowPad,2,C,B05-,RowPad,2,C,T05-
140.0,ColumnPad,5,C,R02+,ColumnPad,5,C,L02+
140.0,ColumnPad,5,C,R02-,ColumnPad,5,C,L02-
140.0,RowPad,1,C,B03+,RowPad,1,C,T03+
140.0,RowPad,1,C,B03-,RowPad,1,C,T03-
140.0,ColumnPad,3,C,R01+,ColumnPad,3,C,L01+
140.0,ColumnPad,3,C,R01-,ColumnPad,3,C,L01-
140.0,RowPad,0,C,B01+,RowPad,0,C,T01+
140.0,RowPad,0,C,B01-,RowPad,0,C,T01-
140.0,ColumnPad,1,C,R00+,ColumnPad,1,C,L00+
140.0,ColumnPad,1,C,R00-,ColumnPad,1,C,L00-
140.0,RowPad,1,A,B00+,RowPad,1,A,T00+
140.0,RowPad,1,A,B00+,RowPad,1,A,X00+
140.0,RowPad,1,A,B00-,RowPad,1,A,T00-
140.0,RowPad,1,A,B00-,RowPad,1,A,X00-
280.0,RowPad,1,A,T00+,RowPad,1,A,X00+
280.0,RowPad,1,A,T00-,RowPad,1,A,X00-
140.0,ColumnPad,0,A,R01+,ColumnPad,0,A,L01+
140.0,ColumnPad,0,A,R01-,ColumnPad,0,A,L01-
140.0,RowPad,3,A,B01+,RowPad,3,A,T01+
140.0,RowPad,3,A,B01-,RowPad,3,A,T01-
140.0,ColumnPad,1,A,R03+,ColumnPad,1,A,L03+
140.0,ColumnPad,1,A,R03-,ColumnPad,1,A,L03-
140.0,RowPad,5,A,B02+,RowPad,5,A,T02+
140.0,RowPad,5,A,B02-,RowPad,5,A,T02-
140.0,ColumnPad,2,A,R05+,ColumnPad,2,A,L05+
140.0,ColumnPad,2,A,R05-,ColumnPad,2,A,L05-
140.0,RowPad,7,A,B03+,RowPad,7,A,T03+
140.0,RowPad,7,A,B03-,RowPad,7,A,T03-
140.0,ColumnPad,3,A,R07+,ColumnPad,3,A,L07+
140.0,ColumnPad,3,A,R07-,ColumnPad,3,A,L07-
140.0,RowPad,9,A,B04+,RowPad,9,A,T04+
140.0,RowPad,9,A,B04-,RowPad,9,A,T04-
140.0,ColumnPad,4,A,R09+,ColumnPad,4,A,L09+
140.0,ColumnPad,4,A,R09-,ColumnPad,4,A,L09-
140.0,RowPad,11,A,B05+,RowPad,11,A,T05+
140.0,RowPad,11,A,B05-,RowPad,11,A,T05-
140.0,ColumnPad,5,A,R11+,ColumnPad,5,A,L11+
140.0,ColumnPad,5,A,R11-,ColumnPad,5,A,L11-
140.0,RowPad,0,B,B00+,RowPad,0,B,T00+
140.0,RowPad,0,B,B00+,RowPad,0,B,X00+
140.0,RowPad,0,B,B00-,RowPad,0,B,T00-
140.0,RowPad,0,B,B00-,RowPad,0,B,X00-
280.0,RowPad,0,B,T00+,RowPad,0,B,X00+
280.0,RowPad,0,B,T00-,RowPad,0,B,X00-
140.0,ColumnPad,0,B,R00+,ColumnPad,0,B,L00+
140.0,ColumnPad,0,B,R00-,ColumnPad,0,B,L00-
140.0,RowPad,4,C,B10+,RowPad,4,C,T10+
140.0,RowPad,4,C,B10-,RowPad,4,C,T10-
140.0,ColumnPad,10,C,R04+,ColumnPad,10,C,L04+
140.0,ColumnPad,10,C,R04-,ColumnPad,10,C,L04-
140.0,RowPad,3,C,B08+,RowPad,3,C,T08+
140.0,RowPad,3,C,B08-,RowPad,3,C,T08-
140.0,ColumnPad,8,C,R03+,ColumnPad,8,C,L03+
140.0,ColumnPad,8,C,R03-,ColumnPad,8,C,L03-
140.0,RowPad,2,C,B06+,RowPad,2,C,T06+
140.0,RowPad,2,C,B06-,RowPad,2,C,T06-
140.0,ColumnPad,6,C,R02+,ColumnPad,6,C,L02+
140.0,ColumnPad,6,C,R02-,ColumnPad,6,C,L02-
140.0,RowPad,1,C,B04+,RowPad,1,C,T04+
140.0,RowPad,1,C,B04-,RowPad,1,C,T04-
140.0,ColumnPad,4,C,R01+,ColumnPad,4,C,L01+
140.0,ColumnPad,4,C,R01-,ColumnPad,4,C,L01-
140.0,RowPad,0,C,B02+,RowPad,0,C,T02+
140.0,RowPad,0,C,B02-,RowPad,0,C,T02-
140.0,ColumnPad,2,C,R00+,ColumnPad,2,C,L00+
140.0,ColumnPad,2,C,R00-,ColumnPad,2,C,L00-
140.0,RowPad,2,A,B00+,RowPad,2,A,T00+
140.0,RowPad,2,A,B00+,RowPad,2,A,X00+
140.0,RowPad,2,A,B00-,RowPad,2,A,T00-
140.0,RowPad,2,A,B00-,RowPad,2,A,X00-
280.001,RowPad,2,A,T00+,RowPad,2,A,X00+
280.0,RowPad,2,A,T00-,RowPad,2,A,X00-
140.0,ColumnPad,0,A,R02+,ColumnPad,0,A,L02+
140.0,ColumnPad,0,A,R02-,ColumnPad,0,A,L02-
140.0,RowPad,4,A,B01+,RowPad,4,A,T01+
140.0,RowPad,4,A,B01-,RowPad,4,A,T01-
140.0,ColumnPad,1,A,R04+,ColumnPad,1,A,L04+
140.0,ColumnPad,1,A,R04-,ColumnPad,1,A,L04-
140.0,RowPad,6,A,B02+,RowPad,6,A,T02+
140.0,RowPad,6,A,B02-,RowPad,6,A,T02-
140.0,ColumnPad,2,A,R06+,ColumnPad,2,A,L06+
140.0,ColumnPad,2,A,R06-,ColumnPad,2,A,L06-
140.0,RowPad,8,A,B03+,RowPad,8,A,T03+
140.0,RowPad,8,A,B03-,RowPad,8,A,T03-
140.0,ColumnPad,3,A,R08+,ColumnPad,3,A,L08+
140.0,ColumnPad,3,A,R08-,ColumnPad,3,A,L08-
140.0,RowPad,10,A,B04+,RowPad,10,A,T04+
140.0,RowPad,10,A,B04-,RowPad,10,A,T04-
140.0,ColumnPad,4,A,R10+,ColumnPad,4,A,L10+
140.0,ColumnPad,4,A,R10-,ColumnPad,4,A,L10-
140.0,RowPad,1,B,B00+,RowPad,1,B,T00+
140.0,RowPad,1,B,B00+,RowPad,1,B,X00+
140.0,RowPad,1,B,B00-,RowPad,1,B,T00-
140.0,RowPad,1,B,B00-,RowPad,1,B,X00-
280.001,RowPad,1,B,T00+,RowPad,1,B,X00+
280.0,RowPad,1,B,T00-,RowPad,1,B,X00-
140.0,ColumnPad,0,B,R01+,ColumnPad,0,B,L01+
140.0,ColumnPad,0,B,R01-,ColumnPad,0,B,L01-
140.0,RowPad,0,B,B01+,RowPad,0,B,T01+
140.0,RowPad,0,B,B01-,RowPad,0,B,T01-
140.0,ColumnPad,1,B,R00+,ColumnPad,1,B,L00+
140.0,ColumnPad,1,B,R00-,ColumnPad,1,B,L00-
140.0,RowPad,4,C,B11+,RowPad,4,C,T11+
140.0,RowPad,4,C,B11-,RowPad,4,C,T11-
140.0,ColumnPad,11,C,R04+,ColumnPad,11,C,L04+
140.0,ColumnPad,11,C,R04-,ColumnPad,11,C,L04-
140.0,RowPad,3,C,B09+,RowPad,3,C,T09+
140.0,RowPad,3,C,B09-,RowPad,3,C,T09-
140.0,ColumnPad,9,C,R03+,ColumnPad,9,C,L03+
140.0,ColumnPad,9,C,R03-,ColumnPad,9,C,L03-
140.0,RowPad,2,C,B07+,RowPad,2,C,T07+
140.0,RowPad,2,C,B07-,RowPad,2,C,T07-
140.0,ColumnPad,7,C,R02+,ColumnPad,7,C,L02+
140.0,ColumnPad,7,C,R02-,ColumnPad,7,C,L02-
140.0,RowPad,1,C,B05+,RowPad,1,C,T05+
140.0,RowPad,1,C,B05-,RowPad,1,C,T05-
140.0,ColumnPad,5,C,R01+,ColumnPad,5,C,L01+
140.0,ColumnPad,5,C,R01-,ColumnPad,5,C,L01-
140.0,RowPad,0,C,B03+,RowPad,0,C,T03+
140.0,RowPad,0,C,B03-,RowPad,0,C,T03-
140.0,ColumnPad,3,C,R00+,ColumnPad,3,C,L00+
140.0,ColumnPad,3,C,R00-,ColumnPad,3,C,L00-
140.0,RowPad,3,A,B00+,RowPad,3,A,T00+
140.0,RowPad,3,A,B00+,RowPad,3,A,X00+
140.0,RowPad,3,A,B00-,RowPad,3,A,T00-
140.0,RowPad,3,A,B00-,RowPad,3,A,X00-
280.0,RowPad,3,A,T00+,RowPad,3,A,X00+
280.0,RowPad,3,A,T00-,RowPad,3,A,X00-
140.0,ColumnPad,0,A,R03+,ColumnPad,0,A,L03+
140.0,ColumnPad,0,A,R03-,ColumnPad,0,A,L03-
140.0,RowPad,5,A,B01+,RowPad,5,A,T01+
140.0,RowPad,5,A,B01-,RowPad,5,A,T01-
140.0,ColumnPad,1,A,R05+,ColumnPad,1,A,L05+
140.0,ColumnPad,1,A,R05-,ColumnPad,1,A,L05-
140.0,RowPad,7,A,B02+,RowPad,7,A,T02+
140.0,RowPad,7,A,B02-,RowPad,7,A,T02-
140.0,ColumnPad,2,A,R07+,ColumnPad,2,A,L07+
140.0,ColumnPad,2,A,R07-,ColumnPad,2,A,L07-
140.0,RowPad,9,A,B03+,RowPad,9,A,T03+
140.0,RowPad,9,A,B03-,RowPad,9,A,T03-
140.0,ColumnPad,3,A,R09+,ColumnPad,3,A,L09+
140.0,ColumnPad,3,A,R09-,ColumnPad,3,A,L09-
140.0,RowPad,11,A,B04+,RowPad,11,A,T04+
140.0,RowPad,11,A,B04-,RowPad,11,A,T04-
140.0,ColumnPad,4,A,R11+,ColumnPad,4,A,L11+
140.0,ColumnPad,4,A,R11-,ColumnPad,4,A,L11-
140.0,RowPad,2,B,B00+,RowPad,2,B,T00+
140.0,RowPad,2,B,B00+,RowPad,2,B,X00+
140.0,RowPad,2,B,B00-,RowPad,2,B,T00-
140.0,RowPad,2,B,B00-,RowPad,2,B,X00-
280.0,RowPad,2,B,T00+,RowPad,2,B,X00+
280.0,RowPad,2,B,T00-,RowPad,2,B,X00-
140.0,ColumnPad,0,B,R02+,ColumnPad,0,B,L02+
140.0,ColumnPad,0,B,R02-,ColumnPad,0,B,L02-
140.0,RowPad,1,B,B01+,RowPad,1,B,T01+
140.0,RowPad,1,B,B01-,RowPad,1,B,T01-
140.0,ColumnPad,1,B,R01+,ColumnPad,1,B,L01+
140.0,ColumnPad,1,B,R01-,ColumnPad,1,B,L01-
140.0,RowPad,0,B,B02+,RowPad,0,B,T02+
140.0,RowPad,0,B,B02-,RowPad,0,B,T02-
140.0,ColumnPad,2,B,R00+,ColumnPad,2,B,L00+
140.0,ColumnPad,2,B,R00-,ColumnPad,2,B,L00-
140.0,RowPad,3,C,B10+,RowPad,3,C,T10+
140.0,RowPad,3,C,B10-,RowPad,3,C,T10-
140.0,ColumnPad,10,C,R03+,ColumnPad,10,C,L03+
140.0,ColumnPad,10,C,R03-,ColumnPad,10,C,L03-
140.0,RowPad,2,C,B08+,RowPad,2,C,T08+
140.0,RowPad,2,C,B08-,RowPad,2,C,T08-
140.0,ColumnPad,8,C,R02+,ColumnPad,8,C,L02+
140.0,ColumnPad,8,C,R02-,ColumnPad,8,C,L02-
140.0,RowPad,1,C,B06+,RowPad,1,C,T06+
140.0,RowPad,1,C,B06-,RowPad,1,C,T06-
140.0,ColumnPad,6,C,R01+,ColumnPad,6,C,L01+
140.0,ColumnPad,6,C,R01-,ColumnPad,6,C,L01-
140.0,RowPad,0,C,B04+,RowPad,0,C,T04+
140.0,RowPad,0,C,B04-,RowPad,0,C,T04-
140.0,ColumnPad,4,C,R00+,ColumnPad,4,C,L00+
140.0,ColumnPad,4,C,R00-,ColumnPad,4,C,L00-
140.0,RowPad,4,A,B00+,RowPad,4,A,T00+
140.0,RowPad,4,A,B00+,RowPad,4,A,X00+
140.0,RowPad,4,A,B00-,RowPad,4,A,T00-
140.0,RowPad,4,A,B00-,RowPad,4,A,X00-
280.0,RowPad,4,A,T00+,RowPad,4,A,X00+
280.0,RowPad,4,A,T00-,RowPad,4,A,X00-
140.0,ColumnPad,0,A,R04+,ColumnPad,0,A,L04+
140.0,ColumnPad,0,A,R04-,ColumnPad,0,A,L04-
140.0,RowPad,6,A,B01+,RowPad,6,A,T01+
140.0,RowPad,6,A,B01-,RowPad,6,A,T01-
140.0,ColumnPad,1,A,R06+,ColumnPad,1,A,L06+
140.0,ColumnPad,1,A,R06-,ColumnPad,1,A,L06-
140.0,RowPad,8,A,B02+,RowPad,8,A,T02+
140.0,RowPad,8,A,B02-,RowPad,8,A,T02-
140.0,ColumnPad,2,A,R08+,ColumnPad,2,A,L08+
140.0,ColumnPad,2,A,R08-,ColumnPad,2,A,L08-
140.0,RowPad,10,A,B03+,RowPad,10,A,T03+
140.0,RowPad,10,A,B03-,RowPad,10,A,T03-
140.0,ColumnPad,3,A,R10+,ColumnPad,3,A,L10+
140.0,ColumnPad,3,A,R10-,ColumnPad,3,A,L10-
140.0,RowPad,3,B,B00+,RowPad,3,B,T00+
140.0,RowPad,3,B,B00+,RowPad,3,B,X00+
140.0,RowPad,3,B,B00-,RowPad,3,B,T00-
140.0,RowPad,3,B,B00-,RowPad,3,B,X00-
280.0,RowPad,3,B,T00+,RowPad,3,B,X00+
280.0,RowPad,3,B,T00-,RowPad,3,B,X00-
140.0,ColumnPad,0,B,R03+,ColumnPad,0,B,L03+
140.0,ColumnPad,0,B,R03-,ColumnPad,0,B,L03-
140.0,RowPad,2,B,B01+,RowPad,2,B,T01+
140.0,RowPad,2,B,B01-,RowPad,2,B,T01-
140.0,ColumnPad,1,B,R02+,ColumnPad,1,B,L02+
140.0,ColumnPad,1,B,R02-,ColumnPad,1,B,L02-
140.0,RowPad,1,B,B02+,RowPad,1,B,T02+
140.0,RowPad,1,B,B02-,RowPad,1,B,T02-
140.0,ColumnPad,2,B,R01+,ColumnPad,2,B,L01+
140.0,ColumnPad,2,B,R01-,ColumnPad,2,B,L01-
140.0,RowPad,0,B,B03+,RowPad,0,B,T03+
140.0,RowPad,0,B,B03-,RowPad,0,B,T03-
140.0,ColumnPad,3,B,R00+,ColumnPad,3,B,L00+
140.0,ColumnPad,3,B,R00-,ColumnPad,3,B,L00-
140.0,RowPad,3,C,B11+,RowPad,3,C,T11+
140.0,RowPad,3,C,B11-,RowPad,3,C,T11-
140.0,ColumnPad,11,C,R03+,ColumnPad,11,C,L03+
140.0,ColumnPad,11,C,R03-,ColumnPad,11,C,L03-
140.0,RowPad,2,C,B09+,RowPad,2,C,T09+
140.0,RowPad,2,C,B09-,RowPad,2,C,T09-
140.0,ColumnPad,9,C,R02+,ColumnPad,9,C,L02+
140.0,ColumnPad,9,C,R02-,ColumnPad,9,C,L02-
140.0,RowPad,1,C,B07+,RowPad,1,C,T07+
140.0,RowPad,1,C,B07-,RowPad,1,C,T07-
140.0,ColumnPad,7,C,R01+,ColumnPad,7,C,L01+
140.0,ColumnPad,7,C,R01-,ColumnPad,7,C,L01-
140.0,RowPad,0,C,B05+,RowPad,0,C,T05+
140.0,RowPad,0,C,B05-,RowPad,0,C,T05-
140.0,ColumnPad,5,C,R00+,ColumnPad,5,C,L00+
140.0,ColumnPad,5,C,R00-,ColumnPad,5,C,L00-
140.0,RowPad,5,A,B00+,RowPad,5,A,T00+
140.0,RowPad,5,A,B00+,RowPad,5,A,X00+
140.0,RowPad,5,A,B00-,RowPad,5,A,T00-
140.0,RowPad,5,A,B00-,RowPad,5,A,X00-
280.001,RowPad,5,A,T00+,RowPad,5,A,X00+
280.0,RowPad,5,A,T00-,RowPad,5,A,X00-
140.0,ColumnPad,0,A,R05+,ColumnPad,0,A,L05+
140.0,ColumnPad,0,A,R05-,ColumnPad,0,A,L05-
140.0,RowPad,7,A,B01+,RowPad,7,A,T01+
140.0,RowPad,7,A,B01-,RowPad,7,A,T01-
140.0,ColumnPad,1,A,R07+,ColumnPad,1,A,L07+
140.0,ColumnPad,1,A,R07-,ColumnPad,1,A,L07-
140.0,RowPad,9,A,B02+,RowPad,9,A,T02+
140.0,RowPad,9,A,B02-,RowPad,9,A,T02-
140.0,ColumnPad,2,A,R09+,ColumnPad,2,A,L09+
140.0,ColumnPad,2,A,R09-,ColumnPad,2,A,L09-
140.0,RowPad,11,A,B03+,RowPad,11,A,T03+
140.0,RowPad,11,A,B03-,RowPad,11,A,T03-
140.0,ColumnPad,3,A,R11+,ColumnPad,3,A,L11+
140.0,ColumnPad,3,A,R11-,ColumnPad,3,A,L11-
140.0,RowPad,4,B,B00+,RowPad,4,B,T00+
140.0,RowPad,4,B,B00+,RowPad,4,B,X00+
140.0,RowPad,4,B,B00-,RowPad,4,B,T00-
140.0,RowPad,4,B,B00-,RowPad,4,B,X00-
280.001,RowPad,4,B,T00+,RowPad,4,B,X00+
280.0,RowPad,4,B,T00-,RowPad,4,B,X00-
140.0,ColumnPad,0,B,R04+,ColumnPad,0,B,L04+
140.0,ColumnPad,0,B,R04-,ColumnPad,0,B,L04-
140.0,RowPad,3,B,B01+,RowPad,3,B,T01+
140.0,RowPad,3,B,B01-,RowPad,3,B,T01-
140.0,ColumnPad,1,B,R03+,ColumnPad,1,B,L03+
140.0,ColumnPad,1,B,R03-,ColumnPad,1,B,L03-
140.0,RowPad,2,B,B02+,RowPad,2,B,T02+
140.0,RowPad,2,B,B02-,RowPad,2,B,T02-
140.0,ColumnPad,2,B,R02+,ColumnPad,2,B,L02+
140.0,ColumnPad,2,B,R02-,ColumnPad,2,B,L02-
140.0,RowPad,1,B,B03+,RowPad,1,B,T03+
140.0,RowPad,1,B,B03-,RowPad,1,B,T03-
140.0,ColumnPad,3,B,R01+,ColumnPad,3,B,L01+
140.0,ColumnPad,3,B,R01-,ColumnPad,3,B,L01-
140.0,RowPad,0,B,B04+,RowPad,0,B,T04+
140.0,RowPad,0,B,B04-,RowPad,0,B,T04-
140.0,ColumnPad,4,B,R00+,ColumnPad,4,B,L00+
140.0,ColumnPad,4,B,R00-,ColumnPad,4,B,L00-
140.0,RowPad,2,C,B10+,RowPad,2,C,T10+
140.0,RowPad,2,C,B10-,RowPad,2,C,T10-
140.0,ColumnPad,10,C,R02+,ColumnPad,10,C,L02+
140.0,ColumnPad,10,C,R02-,ColumnPad,10,C,L02-
140.0,RowPad,1,C,B08+,RowPad,1,C,T08+
140.0,RowPad,1,C,B08-,RowPad,1,C,T08-
140.0,ColumnPad,8,C,R01+,ColumnPad,8,C,L01+
140.0,ColumnPad,8,C,R01-,ColumnPad,8,C,L01-
140.0,RowPad,0,C,B06+,RowPad,0,C,T06+
140.0,RowPad,0,C,B06-,RowPad,0,C,T06-
140.0,ColumnPad,6,C,R00+,ColumnPad,6,C,L00+
140.0,ColumnPad,6,C,R00-,ColumnPad,6,C,L00-
140.0,RowPad,6,A,B00+,RowPad,6,A,T00+
140.0,RowPad,6,A,B00+,RowPad,6,A,X00+
140.0,RowPad,6,A,B00-,RowPad,6,A,T00-
140.0,RowPad,6,A,B00-,RowPad,6,A,X00-
280.0,RowPad,6,A,T00+,RowPad,6,A,X00+
280.0,RowPad,6,A,T00-,RowPad,6,A,X00-
140.0,ColumnPad,0,A,R06+,ColumnPad,0,A,L06+
140.0,ColumnPad,0,A,R06-,ColumnPad,0,A,L06-
140.0,RowPad,8,A,B01+,RowPad,8,A,T01+
140.0,RowPad,8,A,B01-,RowPad,8,A,T01-
140.0,ColumnPad,1,A,R08+,ColumnPad,1,A,L08+
140.0,ColumnPad,1,A,R08-,ColumnPad,1,A,L08-
140.0,RowPad,10,A,B02+,RowPad,10,A,T02+
140.0,RowPad,10,A,B02-,RowPad,10,A,T02-
140.0,ColumnPad,2,A,R10+,ColumnPad,2,A,L10+
140.0,ColumnPad,2,A,R10-,ColumnPad,2,A,L10-
140.0,RowPad,5,B,B00+,RowPad,5,B,T00+
140.0,RowPad,5,B,B00+,RowPad,5,B,X00+
140.0,RowPad,5,B,B00-,RowPad,5,B,T00-
140.0,RowPad,5,B,B00-,RowPad,5,B,X00-
280.0,RowPad,5,B,T00+,RowPad,5,B,X00+
280.0,RowPad,5,B,T00-,RowPad,5,B,X00-
140.0,ColumnPad,0,B,R05+,ColumnPad,0,B,L05+
140.0,ColumnPad,0,B,R05-,ColumnPad,0,B,L05-
140.0,RowPad,4,B,B01+,RowPad,4,B,T01+
140.0,RowPad,4,B,B01-,RowPad,4,B,T01-
140.0,ColumnPad,1,B,R04+,ColumnPad,1,B,L04+
140.0,ColumnPad,1,B,R04-,ColumnPad,1,B,L04-
140.0,RowPad,3,B,B02+,RowPad,3,B,T02+
140.0,RowPad,3,B,B02-,RowPad,3,B,T02-
140.0,ColumnPad,2,B,R03+,ColumnPad,2,B,L03+
140.0,ColumnPad,2,B,R03-,ColumnPad,2,B,L03-
140.0,RowPad,2,B,B03+,RowPad,2,B,T03+
140.0,RowPad,2,B,B03-,RowPad,2,B,T03-
140.0,ColumnPad,3,B,R02+,ColumnPad,3,B,L02+
140.0,ColumnPad,3,B,R02-,ColumnPad,3,B,L02-
140.0,RowPad,1,B,B04+,RowPad,1,B,T04+
140.0,RowPad,1,B,B04-,RowPad,1,B,T04-
140.0,ColumnPad,4,B,R01+,ColumnPad,4,B,L01+
140.0,ColumnPad,4,B,R01-,ColumnPad,4,B,L01-
140.0,RowPad,0,B,B05+,RowPad,0,B,T05+
140.0,RowPad,0,B,B05-,RowPad,0,B,T05-
140.0,ColumnPad,5,B,R00+,ColumnPad,5,B,L00+
140.0,ColumnPad,5,B,R00-,ColumnPad,5,B,L00-
140.0,RowPad,2,C,B11+,RowPad,2,C,T11+
140.0,RowPad,2,C,B11-,RowPad,2,C,T11-
140.0,ColumnPad,11,C,R02+,ColumnPad,11,C,L02+
140.0,ColumnPad,11,C,R02-,ColumnPad,11,C,L02-
140.0,RowPad,1,C,B09+,RowPad,1,C,T09+
140.0,RowPad,1,C,B09-,RowPad,1,C,T09-
140.0,ColumnPad,9,C,R01+,ColumnPad,9,C,L01+
140.0,ColumnPad,9,C,R01-,ColumnPad,9,C,L01-
140.0,RowPad,0,C,B07+,RowPad,0,C,T07+
140.0,RowPad,0,C,B07-,RowPad,0,C,T07-
140.0,ColumnPad,7,C,R00+,ColumnPad,7,C,L00+
140.0,ColumnPad,7,C,R00-,ColumnPad,7,C,L00-
140.0,RowPad,7,A,B00+,RowPad,7,A,T00+
140.0,RowPad,7,A,B00+,RowPad,7,A,X00+
140.0,RowPad,7,A,B00-,RowPad,7,A,T00-
140.0,RowPad,7,A,B00-,RowPad,7,A,X00-
280.0,RowPad,7,A,T00+,RowPad,7,A,X00+
280.0,RowPad,7,A,T00-,RowPad,7,A,X00-
140.0,ColumnPad,0,A,R07+,ColumnPad,0,A,L07+
140.0,ColumnPad,0,A,R07-,ColumnPad,0,A,L07-
140.0,RowPad,9,A,B01+,RowPad,9,A,T01+
140.0,RowPad,9,A,B01-,RowPad,9,A,T01-
140.0,ColumnPad,1,A,R09+,ColumnPad,1,A,L09+
140.0,ColumnPad,1,A,R09-,ColumnPad,1,A,L09-
140.0,RowPad,11,A,B02+,RowPad,11,A,T02+
140.0,RowPad,11,A,B02-,RowPad,11,A,T02-
140.0,ColumnPad,2,A,R11+,ColumnPad,2,A,L11+
140.0,ColumnPad,2,A,R11-,ColumnPad,2,A,L11-
140.0,RowPad,6,B,B00+,RowPad,6,B,T00+
140.0,RowPad,6,B,B00+,RowPad,6,B,X00+
140.0,RowPad,6,B,B00-,RowPad,6,B,T00-
140.0,RowPad,6,B,B00-,RowPad,6,B,X00-
280.0,RowPad,6,B,T00+,RowPad,6,B,X00+
280.0,RowPad,6,B,T00-,RowPad,6,B,X00-
140.0,ColumnPad,0,B,R06+,ColumnPad,0,B,L06+
140.0,ColumnPad,0,B,R06-,ColumnPad,0,B,L06-
140.0,RowPad,5,B,B01+,RowPad,5,B,T01+
140.0,RowPad,5,B,B01-,RowPad,5,B,T01-
140.0,ColumnPad,1,B,R05+,ColumnPad,1,B,L05+
140.0,ColumnPad,1,B,R05-,ColumnPad,1,B,L05-
140.0,RowPad,4,B,B02+,RowPad,4,B,T02+
140.0,RowPad,4,B,B02-,RowPad,4,B,T02-
140.0,ColumnPad,2,B,R04+,ColumnPad,2,B,L04+
140.0,ColumnPad,2,B,R04-,ColumnPad,2,B,L04-
140.0,RowPad,3,B,B03+,RowPad,3,B,T03+
140.0,RowPad,3,B,B03-,RowPad,3,B,T03-
140.0,ColumnPad,3,B,R03+,ColumnPad,3,B,L03+
140.0,ColumnPad,3,B,R03-,ColumnPad,3,B,L03-
140.0,RowPad,2,B,B04+,RowPad,2,B,T04+
140.0,RowPad,2,B,B04-,RowPad,2,B,T04-
140.0,ColumnPad,4,B,R02+,ColumnPad,4,B,L02+
140.0,ColumnPad,4,B,R02-,ColumnPad,4,B,L02-
140.0,RowPad,1,B,B05+,RowPad,1,B,T05+
140.0,RowPad,1,B,B05-,RowPad,1,B,T05-
140.0,ColumnPad,5,B,R01+,ColumnPad,5,B,L01+
140.0,ColumnPad,5,B,R01-,ColumnPad,5,B,L01-
140.0,RowPad,0,B,B06+,RowPad,0,B,T06+
140.0,RowPad,0,B,B06-,RowPad,0,B,T06-
140.0,ColumnPad,6,B,R00+,ColumnPad,6,B,L00+
140.0,ColumnPad,6,B,R00-,ColumnPad,6,B,L00-
140.0,RowPad,1,C,B10+,RowPad,1,C,T10+
140.0,RowPad,1,C,B10-,RowPad,1,C,T10-
140.0,ColumnPad,10,C,R01+,ColumnPad,10,C,L01+
140.0,ColumnPad,10,C,R01-,ColumnPad,10,C,L01-
140.0,RowPad,0,C,B08+,RowPad,0,C,T08+
140.0,RowPad,0,C,B08-,RowPad,0,C,T08-
140.0,ColumnPad,8,C,R00+,ColumnPad,8,C,L00+
140.0,ColumnPad,8,C,R00-,ColumnPad,8,C,L00-
140.0,RowPad,8,A,B00+,RowPad,8,A,T00+
140.0,RowPad,8,A,B00+,RowPad,8,A,X00+
140.0,RowPad,8,A,B00-,RowPad,8,A,T00-
140.0,RowPad,8,A,B00-,RowPad,8,A,X00-
280.0,RowPad,8,A,T00+,RowPad,8,A,X00+
280.0,RowPad,8,A,T00-,RowPad,8,A,X00-
140.0,ColumnPad,0,A,R08+,ColumnPad,0,A,L08+
140.0,ColumnPad,0,A,R08-,ColumnPad,0,A,L08-
140.0,RowPad,10,A,B01+,RowPad,10,A,T01+
140.0,RowPad,10,A,B01-,RowPad,10,A,T01-
140.0,ColumnPad,1,A,R10+,ColumnPad,1,A,L10+
140.0,ColumnPad,1,A,R10-,ColumnPad,1,A,L10-
140.0,RowPad,7,B,B00+,RowPad,7,B,T00+
140.0,RowPad,7,B,B00+,RowPad,7,B,X00+
140.0,RowPad,7,B,B00-,RowPad,7,B,T00-
140.0,RowPad,7,B,B00-,RowPad,7,B,X00-
280.0,RowPad,7,B,T00+,RowPad,7,B,X00+
280.0,RowPad,7,B,T00-,RowPad,7,B,X00-
140.0,ColumnPad,0,B,R07+,ColumnPad,0,B,L07+
140.0,ColumnPad,0,B,R07-,ColumnPad,0,B,L07-
140.0,RowPad,6,B,B01+,RowPad,6,B,T01+
140.0,RowPad,6,B,B01-,RowPad,6,B,T01-
140.0,ColumnPad,1,B,R06+,ColumnPad,1,B,L06+
140.0,ColumnPad,1,B,R06-,ColumnPad,1,B,L06-
140.0,RowPad,5,B,B02+,RowPad,5,B,T02+
140.0,RowPad,5,B,B02-,RowPad,5,B,T02-
140.0,ColumnPad,2,B,R05+,ColumnPad,2,B,L05+
140.0,ColumnPad,2,B,R05-,ColumnPad,2,B,L05-
140.0,RowPad,4,B,B03+,RowPad,4,B,T03+
140.0,RowPad,4,B,B03-,RowPad,4,B,T03-
140.0,ColumnPad,3,B,R04+,ColumnPad,3,B,L04+
140.0,ColumnPad,3,B,R04-,ColumnPad,3,B,L04-
140.0,RowPad,3,B,B04+,RowPad,3,B,T04+
140.0,RowPad,3,B,B04-,RowPad,3,B,T04-
140.0,ColumnPad,4,B,R03+,ColumnPad,4,B,L03+
140.0,ColumnPad,4,B,R03-,ColumnPad,4,B,L03-
140.0,RowPad,2,B,B05+,RowPad,2,B,T05+
140.0,RowPad,2,B,B05-,RowPad,2,B,T05-
140.0,ColumnPad,5,B,R02+,ColumnPad,5,B,L02+
140.0,ColumnPad,5,B,R02-,ColumnPad,5,B,L02-
140.0,RowPad,1,B,B06+,RowPad,1,B,T06+
140.0,RowPad,1,B,B06-,RowPad,1,B,T06-
140.0,ColumnPad,6,B,R01+,ColumnPad,6,B,L01+
140.0,ColumnPad,6,B,R01-,ColumnPad,6,B,L01-
140.0,RowPad,0,B,B07+,RowPad,0,B,T07+
140.0,RowPad,0,B,B07-,RowPad,0,B,T07-
140.0,ColumnPad,7,B,R00+,ColumnPad,7,B,L00+
140.0,ColumnPad,7,B,R00-,ColumnPad,7,B,L00-
140.0,RowPad,1,C,B11+,RowPad,1,C,T11+
140.0,RowPad,1,C,B11-,RowPad,1,C,T11-
140.0,ColumnPad,11,C,R01+,ColumnPad,11,C,L01+
140.0,ColumnPad,11,C,R01-,ColumnPad,11,C,L01-
140.0,RowPad,0,C,B09+,RowPad,0,C,T09+
140.0,RowPad,0,C,B09-,RowPad,0,C,T09-
140.0,ColumnPad,9,C,R00+,ColumnPad,9,C,L00+
140.0,ColumnPad,9,C,R00-,ColumnPad,9,C,L00-
140.0,RowPad,9,A,B00+,RowPad,9,A,T00+
140.0,RowPad,9,A,B00+,RowPad,9,A,X00+
140.0,RowPad,9,A,B00-,RowPad,9,A,T00-
140.0,RowPad,9,A,B00-,RowPad,9,A,X00-
280.0,RowPad,9,A,T00+,RowPad,9,A,X00+
280.0,RowPad,9,A,T00-,RowPad,9,A,X00-
140.0,ColumnPad,0,A,R09+,ColumnPad,0,A,L09+
140.0,ColumnPad,0,A,R09-,ColumnPad,0,A,L09-
140.0,RowPad,11,A,B01+,RowPad,11,A,T01+
140.0,RowPad,11,A,B01-,RowPad,11,A,T01-
140.0,ColumnPad,1,A,R11+,ColumnPad,1,A,L11+
140.0,ColumnPad,1,A,R11-,ColumnPad,1,A,L11-
140.0,RowPad,8,B,B00+,RowPad,8,B,T00+
140.0,RowPad,8,B,B00+,RowPad,8,B,X00+
140.0,RowPad,8,B,B00-,RowPad,8,B,T00-
140.0,RowPad,8,B,B00-,RowPad,8,B,X00-
280.0,RowPad,8,B,T00+,RowPad,8,B,X00+
280.0,RowPad,8,B,T00-,RowPad,8,B,X00-
140.0,ColumnPad,0,B,R08+,ColumnPad,0,B,L08+
140.0,ColumnPad,0,B,R08-,ColumnPad,0,B,L08-
140.0,RowPad,7,B,B01+,RowPad,7,B,T01+
140.0,RowPad,7,B,B01-,RowPad,7,B,T01-
140.0,ColumnPad,1,B,R07+,ColumnPad,1,B,L07+
140.0,ColumnPad,1,B,R07-,ColumnPad,1,B,L07-
140.0,RowPad,6,B,B02+,RowPad,6,B,T02+
140.0,RowPad,6,B,B02-,RowPad,6,B,T02-
140.0,ColumnPad,2,B,R06+,ColumnPad,2,B,L06+
140.0,ColumnPad,2,B,R06-,ColumnPad,2,B,L06-
140.0,RowPad,5,B,B03+,RowPad,5,B,T03+
140.0,RowPad,5,B,B03-,RowPad,5,B,T03-
140.0,ColumnPad,3,B,R05+,ColumnPad,3,B,L05+
140.0,ColumnPad,3,B,R05-,ColumnPad,3,B,L05-
140.0,RowPad,4,B,B04+,RowPad,4,B,T04+
140.0,RowPad,4,B,B04-,RowPad,4,B,T04-
140.0,ColumnPad,4,B,R04+,ColumnPad,4,B,L04+
140.0,ColumnPad,4,B,R04-,ColumnPad,4,B,L04-
140.0,RowPad,3,B,B05+,RowPad,3,B,T05+
140.0,RowPad,3,B,B05-,RowPad,3,B,T05-
140.0,ColumnPad,5,B,R03+,ColumnPad,5,B,L03+
140.0,ColumnPad,5,B,R03-,ColumnPad,5,B,L03-
140.0,RowPad,2,B,B06+,RowPad,2,B,T06+
140.0,RowPad,2,B,B06-,RowPad,2,B,T06-
140.0,ColumnPad,6,B,R02+,ColumnPad,6,B,L02+
140.0,ColumnPad,6,B,R02-,ColumnPad,6,B,L02-
140.0,RowPad,1,B,B07+,RowPad,1,B,T07+
140.0,RowPad,1,B,B07-,RowPad,1,B,T07-
140.0,ColumnPad,7,B,R01+,ColumnPad,7,B,L01+
140.0,ColumnPad,7,B,R01-,ColumnPad,7,B,L01-
140.0,RowPad,0,B,B08+,RowPad,0,B,T08+
140.0,RowPad,0,B,B08-,RowPad,0,B,T08-
140.0,ColumnPad,8,B,R00+,ColumnPad,8,B,L00+
140.0,ColumnPad,8,B,R00-,ColumnPad,8,B,L00-
140.0,RowPad,0,C,B10+,RowPad,0,C,T10+
140.0,RowPad,0,C,B10-,RowPad,0,C,T10-
140.0,ColumnPad,10,C,R00+,ColumnPad,10,C,L00+
140.0,ColumnPad,10,C,R00-,ColumnPad,10,C,L00-
140.0,RowPad,10,A,B00+,RowPad,10,A,T00+
140.0,RowPad,10,A,B00+,RowPad,10,A,X00+
140.0,RowPad,10,A,B00-,RowPad,10,A,T00-
140.0,RowPad,10,A,B00-,RowPad,10,A,X00-
280.0,RowPad,10,A,T00+,RowPad,10,A,X00+
280.0,RowPad,10,A,T00-,RowPad,10,A,X00-
140.0,ColumnPad,0,A,R10+,ColumnPad,0,A,L10+
140.0,ColumnPad,0,A,R10-,ColumnPad,0,A,L10-
140.0,RowPad,9,B,B00+,RowPad,9,B,T00+
140.0,RowPad,9,B,B00+,RowPad,9,B,X00+
140.0,RowPad,9,B,B00-,RowPad,9,B,T00-
140.0,RowPad,9,B,B00-,RowPad,9,B,X00-
280.0,RowPad,9,B,T00+,RowPad,9,B,X00+
280.0,RowPad,9,B,T00-,RowPad,9,B,X00-
140.0,ColumnPad,0,B,R09+,ColumnPad,0,B,L09+
140.0,ColumnPad,0,B,R09-,ColumnPad,0,B,L09-
140.0,RowPad,8,B,B01+,RowPad,8,B,T01+
140.0,RowPad,8,B,B01-,RowPad,8,B,T01-
140.0,ColumnPad,1,B,R08+,ColumnPad,1,B,L08+
140.0,ColumnPad,1,B,R08-,ColumnPad,1,B,L08-
140.0,RowPad,7,B,B02+,RowPad,7,B,T02+
140.0,RowPad,7,B,B02-,RowPad,7,B,T02-
140.0,ColumnPad,2,B,R07+,ColumnPad,2,B,L07+
140.0,ColumnPad,2,B,R07-,ColumnPad,2,B,L07-
140.0,RowPad,6,B,B03+,RowPad,6,B,T03+
140.0,RowPad,6,B,B03-,RowPad,6,B,T03-
140.0,ColumnPad,3,B,R06+,ColumnPad,3,B,L06+
140.0,ColumnPad,3,B,R06-,ColumnPad,3,B,L06-
140.0,RowPad,5,B,B04+,RowPad,5,B,T04+
140.0,RowPad,5,B,B04-,RowPad,5,B,T04-
140.0,ColumnPad,4,B,R05+,ColumnPad,4,B,L05+
140.0,ColumnPad,4,B,R05-,ColumnPad,4,B,L05-
140.0,RowPad,4,B,B05+,RowPad,4,B,T05+
140.0,RowPad,4,B,B05-,RowPad,4,B,T05-
140.0,ColumnPad,5,B,R04+,ColumnPad,5,B,L04+
140.0,ColumnPad,5,B,R04-,ColumnPad,5,B,L04-
140.0,RowPad,3,B,B06+,RowPad,3,B,T06+
140.0,RowPad,3,B,B06-,RowPad,3,B,T06-
140.0,ColumnPad,6,B,R03+,ColumnPad,6,B,L03+
140.0,ColumnPad,6,B,R03-,ColumnPad,6,B,L03-
140.0,RowPad,2,B,B07+,RowPad,2,B,T07+
140.0,RowPad,2,B,B07-,RowPad,2,B,T07-
140.0,ColumnPad,7,B,R02+,ColumnPad,7,B,L02+
140.0,ColumnPad,7,B,R02-,ColumnPad,7,B,L02-
140.0,RowPad,1,B,B08+,RowPad,1,B,T08+
140.0,RowPad,1,B,B08-,RowPad,1,B,T08-
140.0,ColumnPad,8,B,R01+,ColumnPad,8,B,L01+
140.0,ColumnPad,8,B,R01-,ColumnPad,8,B,L01-
140.0,RowPad,0,B,B09+,RowPad,0,B,T09+
140.0,RowPad,0,B,B09-,RowPad,0,B,T09-
140.0,ColumnPad,9,B,R00+,ColumnPad,9,B,L00+
140.0,ColumnPad,9,B,R00-,ColumnPad,9,B,L00-
140.0,RowPad,0,C,B11+,RowPad,0,C,T11+
140.0,RowPad,0,C,B11-,RowPad,0,C,T11-
140.0,ColumnPad,11,C,R00+,ColumnPad,11,C,L00+
140.0,ColumnPad,11,C,R00-,ColumnPad,11,C,L00-
140.0,RowPad,11,A,B00+,RowPad,11,A,T00+
140.0,RowPad,11,A,B00+,RowPad,11,A,X00+
140.0,RowPad,11,A,B00-,RowPad,11,A,T00-
140.0,RowPad,11,A,B00-,RowPad,11,A,X00-
280.0,RowPad,11,A,T00+,RowPad,11,A,X00+
280.001,RowPad,11,A,T00-,RowPad,11,A,X00-
140.0,ColumnPad,0,A,R11+,ColumnPad,0,A,L11+
140.0,ColumnPad,0,A,R11-,ColumnPad,0,A,L11-
140.0,RowPad,10,B,B00+,RowPad,10,B,T00+
140.0,RowPad,10,B,B00+,RowPad,10,B,X00+
140.0,RowPad,10,B,B00-,RowPad,10,B,T00-
140.0,RowPad,10,B,B00-,RowPad,10,B,X00-
280.0,RowPad,10,B,T00+,RowPad,10,B,X00+
280.001,RowPad,10,B,T00-,RowPad,10,B,X00-
140.0,ColumnPad,0,B,R10+,ColumnPad,0,B,L10+
140.0,ColumnPad,0,B,R10-,ColumnPad,0,B,L10-
140.0,RowPad,9,B,B01+,RowPad,9,B,T01+
140.0,RowPad,9,B,B01-,RowPad,9,B,T01-
140.0,ColumnPad,1,B,R09+,ColumnPad,1,B,L09+
140.0,ColumnPad,1,B,R09-,ColumnPad,1,B,L09-
140.0,RowPad,8,B,B02+,RowPad,8,B,T02+
140.0,RowPad,8,B,B02-,RowPad,8,B,T02-
140.0,ColumnPad,2,B,R08+,ColumnPad,2,B,L08+
140.0,ColumnPad,2,B,R08-,ColumnPad,2,B,L08-
140.0,RowPad,7,B,B03+,RowPad,7,B,T03+
140.0,RowPad,7,B,B03-,RowPad,7,B,T03-
140.0,ColumnPad,3,B,R07+,ColumnPad,3,B,L07+
140.0,ColumnPad,3,B,R07-,ColumnPad,3,B,L07-
140.0,RowPad,6,B,B04+,RowPad,6,B,T04+
140.0,RowPad,6,B,B04-,RowPad,6,B,T04-
140.0,ColumnPad,4,B,R06+,ColumnPad,4,B,L06+
140.0,ColumnPad,4,B,R06-,ColumnPad,4,B,L06-
140.0,RowPad,5,B,B05+,RowPad,5,B,T05+
140.0,RowPad,5,B,B05-,RowPad,5,B,T05-
140.0,ColumnPad,5,B,R05+,ColumnPad,5,B,L05+
140.0,ColumnPad,5,B,R05-,ColumnPad,5,B,L05-
140.0,RowPad,4,B,B06+,RowPad,4,B,T06+
140.0,RowPad,4,B,B06-,RowPad,4,B,T06-
140.0,ColumnPad,6,B,R04+,ColumnPad,6,B,L04+
140.0,ColumnPad,6,B,R04-,ColumnPad,6,B,L04-
140.0,RowPad,3,B,B07+,RowPad,3,B,T07+
140.0,RowPad,3,B,B07-,RowPad,3,B,T07-
140.0,ColumnPad,7,B,R03+,ColumnPad,7,B,L03+
140.0,ColumnPad,7,B,R03-,ColumnPad,7,B,L03-
140.0,RowPad,2,B,B08+,RowPad,2,B,T08+
140.0,RowPad,2,B,B08-,RowPad,2,B,T08-
140.0,ColumnPad,8,B,R02+,ColumnPad,8,B,L02+
140.0,ColumnPad,8,B,R02-,ColumnPad,8,B,L02-
140.0,RowPad,1,B,B09+,RowPad,1,B,T09+
140.0,RowPad,1,B,B09-,RowPad,1,B,T09-
140.0,ColumnPad,9,B,R01+,ColumnPad,9,B,L01+
140.0,ColumnPad,9,B,R01-,ColumnPad,9,B,L01-
140.0,RowPad,0,B,B10+,RowPad,0,B,T10+
140.0,RowPad,0,B,B10-,RowPad,0,B,T10-
140.0,ColumnPad,10,B,R00+,ColumnPad,10,B,L00+
140.0,ColumnPad,10,B,R00-,ColumnPad,10,B,L00-
140.0,RowPad,11,B,B00+,RowPad,11,B,T00+
140.0,RowPad,11,B,B00+,RowPad,11,B,X00+
140.0,RowPad,11,B,B00-,RowPad,11,B,T00-
140.0,RowPad,11,B,B00-,RowPad,11,B,X00-
280.0,RowPad,11,B,T00+,RowPad,11,B,X00+
280.0,RowPad,11,B,T00-,RowPad,11,B,X00-
140.0,ColumnPad,0,B,R11+,ColumnPad,0,B,L11+
140.0,ColumnPad,0,B,R11-,ColumnPad,0,B,L11-
140.0,RowPad,10,B,B01+,RowPad,10,B,T01+
140.0,RowPad,10,B,B01-,RowPad,10,B,T01-
140.0,ColumnPad,1,B,R10+,ColumnPad,1,B,L10+
140.0,ColumnPad,1,B,R10-,ColumnPad,1,B,L10-
140.0,RowPad,9,B,B02+,RowPad,9,B,T02+
140.0,RowPad,9,B,B02-,RowPad,9,B,T02-
140.0,ColumnPad,2,B,R09+,ColumnPad,2,B,L09+
140.0,ColumnPad,2,B,R09-,ColumnPad,2,B,L09-
140.0,RowPad,8,B,B03+,RowPad,8,B,T03+
140.0,RowPad,8,B,B03-,RowPad,8,B,T03-
140.0,ColumnPad,3,B,R08+,ColumnPad,3,B,L08+
140.0,ColumnPad,3,B,R08-,ColumnPad,3,B,L08-
140.0,RowPad,7,B,B04+,RowPad,7,B,T04+
140.0,RowPad,7,B,B04-,RowPad,7,B,T04-
140.0,ColumnPad,4,B,R07+,ColumnPad,4,B,L07+
140.0,ColumnPad,4,B,R07-,ColumnPad,4,B,L07-
140.0,RowPad,6,B,B05+,RowPad,6,B,T05+
140.0,RowPad,6,B,B05-,RowPad,6,B,T05-
140.0,ColumnPad,5,B,R06+,ColumnPad,5,B,L06+
140.0,ColumnPad,5,B,R06-,ColumnPad,5,B,L06-
140.0,RowPad,5,B,B06+,RowPad,5,B,T06+
140.0,RowPad,5,B,B06-,RowPad,5,B,T06-
140.0,ColumnPad,6,B,R05+,ColumnPad,6,B,L05+
140.0,ColumnPad,6,B,R05-,ColumnPad,6,B,L05-
140.0,RowPad,4,B,B07+,RowPad,4,B,T07+
140.0,RowPad,4,B,B07-,RowPad,4,B,T07-
140.0,ColumnPad,7,B,R04+,ColumnPad,7,B,L04+
140.0,ColumnPad,7,B,R04-,ColumnPad,7,B,L04-
140.0,RowPad,3,B,B08+,RowPad,3,B,T08+
140.0,RowPad,3,B,B08-,RowPad,3,B,T08-
140.0,ColumnPad,8,B,R03+,ColumnPad,8,B,L03+
140.0,ColumnPad,8,B,R03-,ColumnPad,8,B,L03-
140.0,RowPad,2,B,B09+,RowPad,2,B,T09+
140.0,RowPad,2,B,B09-,RowPad,2,B,T09-
140.0,ColumnPad,9,B,R02+,ColumnPad,9,B,L02+
140.0,ColumnPad,9,B,R02-,ColumnPad,9,B,L02-
140.0,RowPad,1,B,B10+,RowPad,1,B,T10+
140.0,RowPad,1,B,B10-,RowPad,1,B,T10-
140.0,ColumnPad,10,B,R01+,ColumnPad,10,B,L01+
140.0,ColumnPad,10,B,R01-,ColumnPad,10,B,L01-
140.0,RowPad,0,B,B11+,RowPad,0,B,T11+
140.0,RowPad,0,B,B11-,RowPad,0,B,T11-
140.0,ColumnPad,11,B,R00+,ColumnPad,11,B,L00+
140.0,ColumnPad,11,B,R00-,ColumnPad,11,B,L00-
140.0,RowPad,11,B,B01+,RowPad,11,B,T01+
140.0,RowPad,11,B,B01-,RowPad,11,B,T01-
140.0,ColumnPad,1,B,R11+,ColumnPad,1,B,L11+
140.0,ColumnPad,1,B,R11-,ColumnPad,1,B,L11-
140.0,RowPad,10,B,B02+,RowPad,10,B,T02+
140.0,RowPad,10,B,B02-,RowPad,10,B,T02-
140.0,ColumnPad,2,B,R10+,ColumnPad,2,B,L10+
140.0,ColumnPad,2,B,R10-,ColumnPad,2,B,L10-
140.0,RowPad,9,B,B03+,RowPad,9,B,T03+
140.0,RowPad,9,B,B03-,RowPad,9,B,T03-
140.0,ColumnPad,3,B,R09+,ColumnPad,3,B,L09+
140.0,ColumnPad,3,B,R09-,ColumnPad,3,B,L09-
140.0,RowPad,8,B,B04+,RowPad,8,B,T04+
140.0,RowPad,8,B,B04-,RowPad,8,B,T04-
140.0,ColumnPad,4,B,R08+,ColumnPad,4,B,L08+
140.0,ColumnPad,4,B,R08-,ColumnPad,4,B,L08-
140.0,RowPad,7,B,B05+,RowPad,7,B,T05+
140.0,RowPad,7,B,B05-,RowPad,7,B,T05-
140.0,ColumnPad,5,B,R07+,ColumnPad,5,B,L07+
140.0,ColumnPad,5,B,R07-,ColumnPad,5,B,L07-
140.0,RowPad,6,B,B06+,RowPad,6,B,T06+
140.0,RowPad,6,B,B06-,RowPad,6,B,T06-
140.0,ColumnPad,6,B,R06+,ColumnPad,6,B,L06+
140.0,ColumnPad,6,B,R06-,ColumnPad,6,B,L06-
140.0,RowPad,5,B,B07+,RowPad,5,B,T07+
140.0,RowPad,5,B,B07-,RowPad,5,B,T07-
140.0,ColumnPad,7,B,R05+,ColumnPad,7,B,L05+
140.0,ColumnPad,7,B,R05-,ColumnPad,7,B,L05-
140.0,RowPad,4,B,B08+,RowPad,4,B,T08+
140.0,RowPad,4,B,B08-,RowPad,4,B,T08-
140.0,ColumnPad,8,B,R04+,ColumnPad,8,B,L04+
140.0,ColumnPad,8,B,R04-,ColumnPad,8,B,L04-
140.0,RowPad,3,B,B09+,RowPad,3,B,T09+
140.0,RowPad,3,B,B09-,RowPad,3,B,T09-
140.0,ColumnPad,9,B,R03+,ColumnPad,9,B,L03+
140.0,ColumnPad,9,B,R03-,ColumnPad,9,B,L03-
140.0,RowPad,2,B,B10+,RowPad,2,B,T10+
140.0,RowPad,2,B,B10-,RowPad,2,B,T10-
140.0,ColumnPad,10,B,R02+,ColumnPad,10,B,L02+
140.0,ColumnPad,10,B,R02-,ColumnPad,10,B,L02-
140.0,RowPad,1,B,B11+,RowPad,1,B,T11+
140.0,RowPad,1,B,B11-,RowPad,1,B,T11-
140.0,ColumnPad,11,B,R01+,ColumnPad,11,B,L01+
140.0,ColumnPad,11,B,R01-,ColumnPad,11,B,L01-
140.0,RowPad,11,B,B02+,RowPad,11,B,T02+
140.0,RowPad,11,B,B02-,RowPad,11,B,T02-
140.0,ColumnPad,2,B,R11+,ColumnPad,2,B,L11+
140.0,ColumnPad,2,B,R11-,ColumnPad,2,B,L11-
140.0,RowPad,10,B,B03+,RowPad,10,B,T03+
140.0,RowPad,10,B,B03-,RowPad,10,B,T03-
140.0,ColumnPad,3,B,R10+,ColumnPad,3,B,L10+
140.0,ColumnPad,3,B,R10-,ColumnPad,3,B,L10-
140.0,RowPad,9,B,B04+,RowPad,9,B,T04+
140.0,RowPad,9,B,B04-,RowPad,9,B,T04-
140.0,ColumnPad,4,B,R09+,ColumnPad,4,B,L09+
140.0,ColumnPad,4,B,R09-,ColumnPad,4,B,L09-
140.0,RowPad,8,B,B05+,RowPad,8,B,T05+
140.0,RowPad,8,B,B05-,RowPad,8,B,T05-
140.0,ColumnPad,5,B,R08+,ColumnPad,5,B,L08+
140.0,ColumnPad,5,B,R08-,ColumnPad,5,B,L08-
140.0,RowPad,7,B,B06+,RowPad,7,B,T06+
140.0,RowPad,7,B,B06-,RowPad,7,B,T06-
140.0,ColumnPad,6,B,R07+,ColumnPad,6,B,L07+
140.0,ColumnPad,6,B,R07-,ColumnPad,6,B,L07-
140.0,RowPad,6,B,B07+,RowPad,6,B,T07+
140.0,RowPad,6,B,B07-,RowPad,6,B,T07-
140.0,ColumnPad,7,B,R06+,ColumnPad,7,B,L06+
140.0,ColumnPad,7,B,R06-,ColumnPad,7,B,L06-
140.0,RowPad,5,B,B08+,RowPad,5,B,T08+
140.0,RowPad,5,B,B08-,RowPad,5,B,T08-
140.0,ColumnPad,8,B,R05+,ColumnPad,8,B,L05+
140.0,ColumnPad,8,B,R05-,ColumnPad,8,B,L05-
140.0,RowPad,4,B,B09+,RowPad,4,B,T09+
140.0,RowPad,4,B,B09-,RowPad,4,B,T09-
140.0,ColumnPad,9,B,R04+,ColumnPad,9,B,L04+
140.0,ColumnPad,9,B,R04-,ColumnPad,9,B,L04-
140.0,RowPad,3,B,B10+,RowPad,3,B,T10+
140.0,RowPad,3,B,B10-,RowPad,3,B,T10-
140.0,ColumnPad,10,B,R03+,ColumnPad,10,B,L03+
140.0,ColumnPad,10,B,R03-,ColumnPad,10,B,L03-
140.0,RowPad,2,B,B11+,RowPad,2,B,T11+
140.0,RowPad,2,B,B11-,RowPad,2,B,T11-
140.0,ColumnPad,11,B,R02+,ColumnPad,11,B,L02+
140.0,ColumnPad,11,B,R02-,ColumnPad,11,B,L02-
140.0,RowPad,11,B,B03+,RowPad,11,B,T03+
140.0,RowPad,11,B,B03-,RowPad,11,B,T03-
140.0,ColumnPad,3,B,R11+,ColumnPad,3,B,L11+
140.0,ColumnPad,3,B,R11-,ColumnPad,3,B,L11-
140.0,RowPad,10,B,B04+,RowPad,10,B,T04+
140.0,RowPad,10,B,B04-,RowPad,10,B,T04-
140.0,ColumnPad,4,B,R10+,ColumnPad,4,B,L10+
140.0,ColumnPad,4,B,R10-,ColumnPad,4,B,L10-
140.0,RowPad,9,B,B05+,RowPad,9,B,T05+
140.0,RowPad,9,B,B05-,RowPad,9,B,T05-
140.0,ColumnPad,5,B,R09+,ColumnPad,5,B,L09+
140.0,ColumnPad,5,B,R09-,ColumnPad,5,B,L09-
140.0,RowPad,8,B,B06+,RowPad,8,B,T06+
140.0,RowPad,8,B,B06-,RowPad,8,B,T06-
140.0,ColumnPad,6,B,R08+,ColumnPad,6,B,L08+
140.0,ColumnPad,6,B,R08-,ColumnPad,6,B,L08-
140.0,RowPad,7,B,B07+,RowPad,7,B,T07+
140.0,RowPad,7,B,B07-,RowPad,7,B,T07-
140.0,ColumnPad,7,B,R07+,ColumnPad,7,B,L07+
140.0,ColumnPad,7,B,R07-,ColumnPad,7,B,L07-
140.0,RowPad,6,B,B08+,RowPad,6,B,T08+
140.0,RowPad,6,B,B08-,RowPad,6,B,T08-
140.0,ColumnPad,8,B,R06+,ColumnPad,8,B,L06+
140.0,ColumnPad,8,B,R06-,ColumnPad,8,B,L06-
140.0,RowPad,5,B,B09+,RowPad,5,B,T09+
140.0,RowPad,5,B,B09-,RowPad,5,B,T09-
140.0,ColumnPad,9,B,R05+,ColumnPad,9,B,L05+
140.0,ColumnPad,9,B,R05-,ColumnPad,9,B,L05-
140.0,RowPad,4,B,B10+,RowPad,4,B,T10+
140.0,RowPad,4,B,B10-,RowPad,4,B,T10-
140.0,ColumnPad,10,B,R04+,ColumnPad,10,B,L04+
140.0,ColumnPad,10,B,R04-,ColumnPad,10,B,L04-
140.0,RowPad,3,B,B11+,RowPad,3,B,T11+
140.0,RowPad,3,B,B11-,RowPad,3,B,T11-
140.0,ColumnPad,11,B,R03+,ColumnPad,11,B,L03+
140.0,ColumnPad,11,B,R03-,ColumnPad,11,B,L03-
140.0,RowPad,11,B,B04+,RowPad,11,B,T04+
140.0,RowPad,11,B,B04-,RowPad,11,B,T04-
140.0,ColumnPad,4,B,R11+,ColumnPad,4,B,L11+
140.0,ColumnPad,4,B,R11-,ColumnPad,4,B,L11-
140.0,RowPad,10,B,B05+,RowPad,10,B,T05+
140.0,RowPad,10,B,B05-,RowPad,10,B,T05-
140.0,ColumnPad,5,B,R10+,ColumnPad,5,B,L10+
140.0,ColumnPad,5,B,R10-,ColumnPad,5,B,L10-
140.0,RowPad,9,B,B06+,RowPad,9,B,T06+
140.0,RowPad,9,B,B06-,RowPad,9,B,T06-
140.0,ColumnPad,6,B,R09+,ColumnPad,6,B,L09+
140.0,ColumnPad,6,B,R09-,ColumnPad,6,B,L09-
140.0,RowPad,8,B,B07+,RowPad,8,B,T07+
140.0,RowPad,8,B,B07-,RowPad,8,B,T07-
140.0,ColumnPad,7,B,R08+,ColumnPad,7,B,L08+
140.0,ColumnPad,7,B,R08-,ColumnPad,7,B,L08-
140.0,RowPad,7,B,B08+,RowPad,7,B,T08+
140.0,RowPad,7,B,B08-,RowPad,7,B,T08-
140.0,ColumnPad,8,B,R07+,ColumnPad,8,B,L07+
140.0,ColumnPad,8,B,R07-,ColumnPad,8,B,L07-
140.0,RowPad,6,B,B09+,RowPad,6,B,T09+
140.0,RowPad,6,B,B09-,RowPad,6,B,T09-
140.0,ColumnPad,9,B,R06+,ColumnPad,9,B,L06+
140.0,ColumnPad,9,B,R06-,ColumnPad,9,B,L06-
140.0,RowPad,5,B,B10+,RowPad,5,B,T10+
140.0,RowPad,5,B,B10-,RowPad,5,B,T10-
140.0,ColumnPad,10,B,R05+,ColumnPad,10,B,L05+
140.0,ColumnPad,10,B,R05-,ColumnPad,10,B,L05-
140.0,RowPad,4,B,B11+,RowPad,4,B,T11+
140.0,RowPad,4,B,B11-,RowPad,4,B,T11-
140.0,ColumnPad,11,B,R04+,ColumnPad,11,B,L04+
140.0,ColumnPad,11,B,R04-,ColumnPad,11,B,L04-
140.0,RowPad,11,B,B05+,RowPad,11,B,T05+
140.0,RowPad,11,B,B05-,RowPad,11,B,T05-
140.0,ColumnPad,5,B,R11+,ColumnPad,5,B,L11+
140.0,ColumnPad,5,B,R11-,ColumnPad,5,B,L11-
140.0,RowPad,10,B,B06+,RowPad,10,B,T06+
140.0,RowPad,10,B,B06-,RowPad,10,B,T06-
140.0,ColumnPad,6,B,R10+,ColumnPad,6,B,L10+
140.0,ColumnPad,6,B,R10-,ColumnPad,6,B,L10-
140.0,RowPad,9,B,B07+,RowPad,9,B,T07+
140.0,RowPad,9,B,B07-,RowPad,9,B,T07-
140.0,ColumnPad,7,B,R09+,ColumnPad,7,B,L09+
140.0,ColumnPad,7,B,R09-,ColumnPad,7,B,L09-
140.0,RowPad,8,B,B08+,RowPad,8,B,T08+
140.0,RowPad,8,B,B08-,RowPad,8,B,T08-
140.0,ColumnPad,8,B,R08+,ColumnPad,8,B,L08+
140.0,ColumnPad,8,B,R08-,ColumnPad,8,B,L08-
140.0,RowPad,7,B,B09+,RowPad,7,B,T09+
140.0,RowPad,7,B,B09-,RowPad,7,B,T09-
140.0,ColumnPad,9,B,R07+,ColumnPad,9,B,L07+
140.0,ColumnPad,9,B,R07-,ColumnPad,9,B,L07-
140.0,RowPad,6,B,B10+,RowPad,6,B,T10+
140.0,RowPad,6,B,B10-,RowPad,6,B,T10-
140.0,ColumnPad,10,B,R06+,ColumnPad,10,B,L06+
140.0,ColumnPad,10,B,R06-,ColumnPad,10,B,L06-
140.0,RowPad,5,B,B11+,RowPad,5,B,T11+
140.0,RowPad,5,B,B11-,RowPad,5,B,T11-
140.0,ColumnPad,11,B,R05+,ColumnPad,11,B,L05+
140.0,ColumnPad,11,B,R05-,ColumnPad,11,B,L05-
140.0,RowPad,11,B,B06+,RowPad,11,B,T06+
140.0,RowPad,11,B,B06-,RowPad,11,B,T06-
140.0,ColumnPad,6,B,R11+,ColumnPad,6,B,L11+
140.0,ColumnPad,6,B,R11-,ColumnPad,6,B,L11-
140.0,RowPad,10,B,B07+,RowPad,10,B,T07+
140.0,RowPad,10,B,B07-,RowPad,10,B,T07-
140.0,ColumnPad,7,B,R10+,ColumnPad,7,B,L10+
140.0,ColumnPad,7,B,R10-,ColumnPad,7,B,L10-
140.0,RowPad,9,B,B08+,RowPad,9,B,T08+
140.0,RowPad,9,B,B08-,RowPad,9,B,T08-
140.0,ColumnPad,8,B,R09+,ColumnPad,8,B,L09+
140.0,ColumnPad,8,B,R09-,ColumnPad,8,B,L09-
140.0,RowPad,8,B,B09+,RowPad,8,B,T09+
140.0,RowPad,8,B,B09-,RowPad,8,B,T09-
140.0,ColumnPad,9,B,R08+,ColumnPad,9,B,L08+
140.0,ColumnPad,9,B,R08-,ColumnPad,9,B,L08-
140.0,RowPad,7,B,B10+,RowPad,7,B,T10+
140.0,RowPad,7,B,B10-,RowPad,7,B,T10-
140.0,ColumnPad,10,B,R07+,ColumnPad,10,B,L07+
140.0,ColumnPad,10,B,R07-,ColumnPad,10,B,L07-
140.0,RowPad,6,B,B11+,RowPad,6,B,T11+
140.0,RowPad,6,B,B11-,RowPad,6,B,T11-
140.0,ColumnPad,11,B,R06+,ColumnPad,11,B,L06+
140.0,ColumnPad,11,B,R06-,ColumnPad,11,B,L06-
140.0,RowPad,11,B,B07+,RowPad,11,B,T07+
140.0,RowPad,11,B,B07-,RowPad,11,B,T07-
140.0,ColumnPad,7,B,R11+,ColumnPad,7,B,L11+
140.0,ColumnPad,7,B,R11-,ColumnPad,7,B,L11-
140.0,RowPad,10,B,B08+,RowPad,10,B,T08+
140.0,RowPad,10,B,B08-,RowPad,10,B,T08-
140.0,ColumnPad,8,B,R10+,ColumnPad,8,B,L10+
140.0,ColumnPad,8,B,R10-,ColumnPad,8,B,L10-
140.0,RowPad,9,B,B09+,RowPad,9,B,T09+
140.0,RowPad,9,B,B09-,RowPad,9,B,T09-
140.0,ColumnPad,9,B,R09+,ColumnPad,9,B,L09+
140.0,ColumnPad,9,B,R09-,ColumnPad,9,B,L09-
140.0,RowPad,8,B,B10+,RowPad,8,B,T10+
140.0,RowPad,8,B,B10-,RowPad,8,B,T10-
140.0,ColumnPad,10,B,R08+,ColumnPad,10,B,L08+
140.0,ColumnPad,10,B,R08-,ColumnPad,10,B,L08-
140.0,RowPad,7,B,B11+,RowPad,7,B,T11+
140.0,RowPad,7,B,B11-,RowPad,7,B,T11-
140.0,ColumnPad,11,B,R07+,ColumnPad,11,B,L07+
140.0,ColumnPad,11,B,R07-,ColumnPad,11,B,L07-
140.0,RowPad,11,B,B08+,RowPad,11,B,T08+
140.0,RowPad,11,B,B08-,RowPad,11,B,T08-
140.0,ColumnPad,8,B,R11+,ColumnPad,8,B,L11+
140.0,ColumnPad,8,B,R11-,ColumnPad,8,B,L11-
140.0,RowPad,10,B,B09+,RowPad,10,B,T09+
140.0,RowPad,10,B,B09-,RowPad,10,B,T09-
140.0,ColumnPad,9,B,R10+,ColumnPad,9,B,L10+
140.0,ColumnPad,9,B,R10-,ColumnPad,9,B,L10-
140.0,RowPad,9,B,B10+,RowPad,9,B,T10+
140.0,RowPad,9,B,B10-,RowPad,9,B,T10-
140.0,ColumnPad,10,B,R09+,ColumnPad,10,B,L09+
140.0,ColumnPad,10,B,R09-,ColumnPad,10,B,L09-
140.0,RowPad,8,B,B11+,RowPad,8,B,T11+
140.0,RowPad,8,B,B11-,RowPad,8,B,T11-
140.0,ColumnPad,11,B,R08+,ColumnPad,11,B,L08+
140.0,ColumnPad,11,B,R08-,ColumnPad,11,B,L08-
140.0,RowPad,11,B,B09+,RowPad,11,B,T09+
140.0,RowPad,11,B,B09-,RowPad,11,B,T09-
140.0,ColumnPad,9,B,R11+,ColumnPad,9,B,L11+
140.0,ColumnPad,9,B,R11-,ColumnPad,9,B,L11-
140.0,RowPad,10,B,B10+,RowPad,10,B,T10+
140.0,RowPad,10,B,B10-,RowPad,10,B,T10-
140.0,ColumnPad,10,B,R10+,ColumnPad,10,B,L10+
140.0,ColumnPad,10,B,R10-,ColumnPad,10,B,L10-
140.0,RowPad,9,B,B11+,RowPad,9,B,T11+
140.0,RowPad,9,B,B11-,RowPad,9,B,T11-
140.0,ColumnPad,11,B,R09+,ColumnPad,11,B,L09+
140.0,ColumnPad,11,B,R09-,ColumnPad,11,B,L09-
140.0,RowPad,11,B,B10+,RowPad,11,B,T10+
140.0,RowPad,11,B,B10-,RowPad,11,B,T10-
140.0,ColumnPad,10,B,R11+,ColumnPad,10,B,L11+
140.0,ColumnPad,10,B,R11-,ColumnPad,10,B,L11-
140.0,RowPad,10,B,B11+,RowPad,10,B,T11+
140.0,RowPad,10,B,B11-,RowPad,10,B,T11-
140.0,ColumnPad,11,B,R10+,ColumnPad,11,B,L10+
140.0,ColumnPad,11,B,R10-,ColumnPad,11,B,L10-
140.0,RowPad,11,B,B11+,RowPad,11,B,T11+
140.0,RowPad,11,B,B11-,RowPad,11,B,T11-
140.0,ColumnPad,11,B,R11+,ColumnPad,11,B,L11+
140.0,ColumnPad,11,B,R11-,ColumnPad,11,B,L11-
